Name_ID,NameType,BusinessSector,BusinessType,Name,GivenNames,Title,DefaultPostalAddress,ABN,DateOfBirth,HomePhone,WorkPhone,MobilePhone,Fax,EmailAddress,DateCreated,DateLastModified,PensionNo,PensionPropertyID,NameTypeDesc_Code,Status_Code,PensionType,PensionStatus,PensionStatus_Code,Pending_Code
415515,Company   ,10,SOLT, Mickey Mouse Town Living,,,L 2  501 Blackburn Rd MOUNT WAVERLEY  VIC  3149,,,,,0443 313 904,,,22/01/2014,6/06/2014,,0,,C,,,,N
407846,Person    ,,, Black, John Chamara Umesha  Chiranjeeva Loku,,12 Celsius Drive CRANBOURNE NORTH  VIC  3977,,29/12/1976,,,0490 149 344,,,26/09/2013,6/05/2016,,0,,C,,,,N
409569,Person    ,,, White, Sparrow,,6 Andrew Street HAMPTON PARK  VIC  3976,,12/03/1980,,,0431 310 134,,,15/11/2013,8/07/2016,321474091C,37797,,C,CENTRELINK,Verified,V,N
412897,Person    ,,, Ranganathan, Ramesh  Vinayak,,4 Beechwood Drive LYNDHURST  VIC  3975,,20/01/1978,,,,,,16/12/2013,24/05/2016,,0,,C,,,,N
426451,Person    ,,, Datacama Black, Prakash  Chetan,,70 Serene Way CLYDE NORTH  VIC  3978,,8/02/1977,,,0431 133 933,,,11/07/2014,28/04/2016,,0,,C,,,,N
226378,Person    ,,, Sorbet, Jane,,2 Braemar Court ENDEAVOUR HILLS  VIC  3802,,,03 9300 2219,,,,,20/05/2012,28/06/2016,,0,,C,,,,N
231109,Person    ,,, Daulton, Erin,,65 Cheviot Avenue BERWICK  VIC  3806,,,03 9309 1931,,0404 930 913,,,20/05/2012,28/06/2016,,0,,C,,,,N
235138,Person    ,,, Jenifer, Gerald,,77 Doveton Avenue EUMEMMERRING  VIC  3177,,,03 9393 9442,,0491 390 300,,,20/05/2012,28/06/2016,,0,,C,,,,N
423469,Person    ,,, Jayawardhana, Mary  Chiranjeevi,,79 Macumba Drive CLYDE NORTH  VIC  3978,,23/08/1979,,,,,,27/05/2014,12/05/2016,,0,,C,,,,N
423897,Person    ,,, Wendy  Black, Chantelle Sanda Shuiani,,26 Serene Way CLYDE NORTH  VIC  3978,,3/05/1973,,,,,,4/06/2014,13/05/2016,,0,,C,,,,N
430801,Person    ,,, Mathalawale  Black, Chantelle Ramudita  Mathalawale,,3 Stableford Drive CRANBOURNE WEST  VIC  3977,,25/03/1980,,,,,,29/09/2014,26/05/2016,,0,,C,,,,N
438240,Person    ,,, Nit, Ding Xsz Bueenie,,6 Henning Avenue LYNBROOK  VIC  3975,,24/10/1987,,,0400 112 194,,,22/01/2015,23/05/2016,,0,,C,,,,N
458766,Person    ,,, Pandara  Black, Belinda Nritadarshana,,49 Hutchinson Drive LYNBROOK  VIC  3975,,5/11/1976,,,,,,5/01/2016,23/05/2016,,0,,C,,,,N
460944,Person    ,,, Milk, Butterfly,,100 Rebecca Street DOVETON  VIC  3177,,28/01/1972,,,0430 191 444,,,10/06/2016,10/05/2016,,0,,C,,,,N
460947,Person    ,,, Milk, Butterflya,,100 Rebecca Street DOVETON  VIC  3177,,16/01/1975,,,,,,10/06/2016,10/05/2016,,0,,C,,,,N
391570,Person    ,,, Soutek, Josh,,4 Jesmay Place LYNDHURST  VIC  3975,,,03 4343 1143,,,,,30/08/2012,28/06/2016,,0,,C,,,,N
406774,Person    ,,, Howard, Pete,,11 Willslie Crescent BERWICK  VIC  3806,,30/ 02/1982,,,0493 931 940,,,23/08/2013,29/04/2016,,0,,C,,,,N
238759,Company   ,10,COMP, Mickey Mouse Homes Pty Ltd,,,PO Box 857 MOUNT WAVERLEY  VIC  3149,001 104 319,,,03 9911 1102,,03 9144 1433, Rebeccalu@ Mickey Mouse.zoo.nowhere,20/05/2012,20/07/2016,,0,,C,,,,N
239325,Company   ,10,COMP, Mickey Mouse  Mob Pty Ltd,,,501 Blackburn Road MOUNT WAVERLEY  VIC  3149,,,,03 9911 1102,,,,20/05/2012,20/01/2016,,0,,C,,,,N
241553,Person    ,,, Soutek, Selena,,4 Jesmay Place LYNDHURST  VIC  3975,,,,,,,,20/05/2012,24/05/2016,,0,,C,,,,N
242342,Person    ,,, Henderson, Rebecca,,10 Hateley Heath CRANBOURNE EAST  VIC  3977,,,,,0404 401 314,,,20/05/2012,5/05/2016,,0,,C,,,,N
246033,MultiName ,,, Soutek M&G,,,41 Coowarra Way BERWICK  VIC  3806,,,,,,,,20/05/2012,28/04/2016,,0,,C,,,,N
246998,Company   ,9,GOV, The Republic of Melbourne (Primary Knox Centre),,,383 Albert Street EAST MELBOURNE  VIC  3002,,,03 4333 2300,03 9223 0393,,,,20/05/2012,11/07/2016,,0,,C,,,,N
427237,Person    ,,, Wuka Oscari  Badaliyaange, Dishita,,80 The Parkway HAMPTON PARK  VIC  3976,,21/10/1973,03 4343 4119,,0433 941 949,,,28/07/2014,1/12/2015,,0,,C,,,,N
406955,Person    ,,, Nelson, Stephen  Malcom,,Seebeck Drive NARRE WARREN SOUTH  VIC  3805,,28/03/1982,,,0433 493 391,,,29/08/2013,12/05/2016,,0,,C,,,,N
441449,Person    ,,, Tinny, Mick,,14 Mildura Crescent ENDEAVOUR HILLS  VIC  3802,,,,,0493 934 143,,,19/03/2015,10/05/2016,,0,,C,,,,N
442181,Person    ,,, Catherine, Le Marie,,4 Heathfield Lane OFFICER  VIC  3809,,,,,0411 303 199,,,1/04/2015,1/04/2015,,0,,C,,,,N
468570,Person    ,,, Talawalkar, Kamesh,,14 Red Maple Drive CRANBOURNE WEST  VIC  3977,,,,,0412 444 449,,,16/06/2016,18/07/2016,,0,,C,,,,N
387945,Person    ,,, Bettigiri, Lasanthi Sagarika Ne Dilva,,18 Hopegood Place LYNBROOK  VIC  3975,,7/06/1982,,,,,,29/05/2012,28/06/2016,,0,,C,,,,N
406991,Company   ,9,GOV, The Republic of Sale (St Michael's Primary School),,,119 High Street BERWICK  VIC  3806,,,,,,,,2/09/2013,29/04/2016,,0,,C,,,,N
458782,Person    ,,, Meekaskhi Watson Gerald, Gharangta Chantelle Mrisantha,,14 Emma Court HAMPTON PARK  VIC  3976,,30/04/1982,,,,,,5/01/2016,12/05/2016,,0,,C,,,,N
462527,Person    ,,, Hendis, Kajol,,1 Benny Place BERWICK  VIC  3806,,,,,,, Kajol Hendis@me.zoo,8/03/2016,27/04/2016,,0,,C,,,,N
446280,Person    ,,, Freeman, Tulas,,246 Ormond Road NARRE WARREN SOUTH  VIC  3805,,28/07/1958,03 4394 4414,,,,,10/06/2015,12/05/2016,,0,,C,,,,N
466563,Person    ,,, Jenifer, Gerald,,5 Valetta Street CLYDE  VIC  3978,,28/12/1953,,,0414 341 019,,,12/05/2016,12/05/2016,,0,,C,,,,N
446928,Person    ,,, Bostovalopp, John,,53 Sweeney Drive NARRE WARREN  VIC  3805,,20/03/1969,03 4339 9939,,0491 339 399,,,22/06/2015,12/05/2016,,0,,C,,,,N
255896,Company   ,8,COMP, Trump Developments,,,PO Box 342 BERWICK  VIC  3806,,,,03 9309 1943,,03 9303 1399,,20/05/2012,12/01/2015,,0,,C,,,,N
256021,Company   ,8,COMP, The Republic of Sale (St  Bart's West Campus),,,PO Box 615 CRANBOURNE  VIC  3977,,,,03 1990 3333,,03 1992 4933,office@st Barts.state.zendu.nowhere,20/05/2012,6/05/2016,,0,,C,,,,N
256259,Company   ,8,COMP, Mickey Mouse Land Pty Ltd,,,PO Box 857 MOUNT WAVERLEY  VIC  3149,,,,03 9911 1111,,,,20/05/2012,9/06/2015,,0,,C,,,,N
257149,Company   ,9,COMP, Trump F M,,,PO Box 342 BERWICK  VIC  3806,,,,,,,,20/05/2012,28/06/2016,,0,,C,,,,N
258104,Company   ,2,COMP, Micktone Pty Ltd,,,83 Canterbury Rd CANTERBURY  VIC  3126,,,,03 9432 0109,,, Micktone@fishpond.zoo,20/05/2012,26/05/2016,,0,,C,,,,N
259353,Company   ,3,COMP, California Pastoral Co Pty Ltd,,,Po Box 690 DANDENONG  VIC  3175,,,,,,,,20/05/2012,10/06/2016,,0,,C,,,,N
259392,Company   ,9,COMP, The Republic of Sale (St  Bart's East Campus),,,55 MacKillop Way CLYDE NORTH  VIC  3978,,,,03 1990 3333,,03 1992 4933,office@st Barts.state.zendu.nowhere,20/05/2012,14/08/2014,,0,,C,,,,N
262028,MultiName ,,, Sodexo Marpina & Egigio,,,1 Avonwood Road NARRE WARREN NORTH  VIC  3804,,,,,,,,20/05/2012,28/06/2016,,0,,P,,,,N
262599,Company   ,9,GOV, The Republic of Sale ( RonBosco Primary School),,,PO Box 166 NARRE WARREN  VIC  3805,,,,,,,,20/05/2012,18/06/2015,,0,,C,,,,N
265472,Person    ,,, Bostovalopp, Bart,,PO Box 5681 CRANBOURNE  VIC  3977,,,,,,,,20/05/2012,28/06/2016,,0,,C,,,,N
266909,MultiName ,,, Doctor K & S,,,4-6 Finsbury Road DEVON MEADOWS  VIC  3977,,,,,,,,20/05/2012,28/06/2016,,0,,P,,,,N
267154,MultiName ,,, Murray P & E,,,12 Lindenow Court CRANBOURNE NORTH  VIC  3977,,,,,,,,20/05/2012,28/06/2016,,0,,P,,,,N
267506,MultiName ,,, Whittkar  Joy &  Katherine,,,131-133 Brisbane St BERWICK  VIC  3806,,,,,,,,20/05/2012,28/06/2016,,0,,P,,,,N
272162,Company   ,9,SOLT, The Republic of Melbourne,,,PO Box 146 EAST MELBOURNE  VIC  8002,,,,03 9292 1219,,03 9992 1213,,20/05/2012,15/08/2014,,0,,C,,,,N
272235,Company   ,9,SOLT, The Republic of Melbourne,,,228 Victoria Parade EAST MELBOURNE  VIC  3002,,,,,,,,20/05/2012,1/03/2016,,0,,C,,,,N
272430,Company   ,9,SOLT, The Republic of Sale,,,U 6  4 Techno Park Dr WILLIAMSTOWN  VIC  3016,,,,,,,,20/05/2012,5/06/2016,,0,,C,,,,N
279419,Company   ,9,COMP, California Pastoral Co Pty Ltd,,,Dana Court DANDENONG  VIC  3175,,,,,,,,20/05/2012,16/10/2014,,0,,C,,,,N
281596,Company   ,10,COMP, Mickey Mouse  Mob Pty Ltd (Homestarter),,,PO Box 857 MOUNT WAVERLEY  VIC  3149,,,,,,,,20/05/2012,28/06/2016,,0,,C,,,,N
286580,MultiName ,,," Sodexo,  Marpina &  Agidio",,,1 Avonwood Road NARRE WARREN NORTH  VIC  3804,,,,,,,,20/05/2012,25/05/2016,,0,,P,,,,N
293417,"NARInvName, NAR Invalid Name Formats, Y",,, Whittkar,,,131-133 Brisbane St BERWICK  VIC  3806,,,,,,,,20/05/2012,28/06/2016,,0,NARInvName,C,,,,N
296543,Person    ,,, Bowe, Jimmy  Mark,,54 Earlsfield Drive BERWICK  VIC  3806,,9/07/1961,,,0411 433 311,,,20/05/2012,28/06/2016,,0,,C,,,,N
308626,"NARInvName, NAR Invalid Name Formats, Y",,, Zakropoulos,D J ,,78 Willesden Road OAKLEIGH  VIC  3166,,,,,,,,20/05/2012,5/04/2016,,0,NARInvName,C,,,,N
315177,MultiName ,,, Swinging R&J,,,2 Trawalla Court HAMPTON PARK  VIC  3976,,,,,,,,20/05/2012,28/06/2016,,0,,P,,,,N
315315,Person    ,,, Zakropoulos, James,,PO Box 374 CRANBOURNE  VIC  3977,,,,,0403 391 234,,,20/05/2012,29/09/2014,,0,,C,,,,N
307118,Person    ,,, Saturn, Samantha,,6 Wilkinson Way ENDEAVOUR HILLS  VIC  3802,,,,,,,,20/05/2012,28/06/2016,,0,,C,,,,N
345598,Person    ,,, Trump, Fernando Milton Snr,EstateOf,Wellington Road ROWVILLE  VIC  3178,,,,,,,,20/05/2012,9/03/2016,,0,,C,,,,N
347431,Company   ,10,COMP, The Republic of Melbourne,,,PO Box 149 MORNINGTON  VIC  3931,,,,,,,,20/05/2012,11/07/2016,,0,,C,,,,N
354996,Company   ,8,COMP, California Pastoral Co Pty Ltd,,,GPO Box 2240 MELBOURNE  VIC  3001,,,,,,,,20/05/2012,21/03/2016,,0,,C,,,,N
355473,Company   ,8,SOLT, The Republic of Sale,,,U 1  19 Cato St HAWTHORN EAST  VIC  3123,,,,,,,,20/05/2012,19/04/2016,,0,,C,,,,N
355475,Company   ,8,SOLT, The Republic of Sale,,,1 Alfred St KEW  VIC  3101,,,,,,,,20/05/2012,11/07/2016,,0,,C,,,,N
355776,Company   ,8,SOLT, The Republic of Sale,,,U 1  303-313 Burwood Hwy BURWOOD EAST  VIC  3151,,,,,,,,20/05/2012,9/05/2016,,0,,C,,,,N
358262,Company   ,8,COOP, The Republic of Sale,,,65a Market St KENSINGTON  VIC  3031,,,,,,,,20/05/2012,10/05/2016,,0,,C,,,,N
358587,Company   ,8,COOP, California Pastoral Co Pty Ltd,,,8 Market Street MELBOURNE  VIC  3000,,,,,,,,20/05/2012,21/03/2016,,0,,C,,,,N
361869,Company   ,8,COMP, The Republic of Sale,,,U 9  651-653 Victoria St ABBOTSFORD  VIC  3067,,,,,,,,20/05/2012,8/12/2015,,0,,C,,,,N
362927,Company   ,8,COMP, The Republic of Sale,,,U 133  193 Domain Rd SOUTH YARRA  VIC  3141,,,,,,,,20/05/2012,11/03/2016,,0,,C,,,,N
364930,Person    ,,, Darren, Lauren,,33 Abbey Road NARRE WARREN SOUTH  VIC  3805,,,,,,,,20/05/2012,28/06/2016,,0,,C,,,,N
367115,MultiName ,,, Kelvin David  Doctor & Simone  Doctor,,,4-6 Finsbury Road DEVON MEADOWS  VIC  3977,,,,,,,,20/05/2012,28/06/2016,,0,,P,,,,N
367917,Company   ,8,COMP, The Republic of Sale,,,U 1  342 Hawthorn Rd CAULFIELD SOUTH  VIC  3162,,,,,,,,20/05/2012,29/06/2016,,0,,C,,,,N
368998,Company   ,8,COMP, The Republic of Sale,,,PO Box 28 HAWTHORN  VIC  3122,,,,,,,,20/05/2012,20/04/2016,,0,,C,,,,N
368999,Company   ,8,COMP, The Republic of Sale,,,PO Box 163 ABBOTSFORD  VIC  3067,,,,,,,,20/05/2012,8/12/2015,,0,,C,,,,N
369168,Company   ,8,COMP, The Republic of Sale (Our Lady of Help),,,Don Bosco Catholic Primary Sch 496-502 Princes Hwy NARRE WARREN  VIC  3805,,,,,,,,20/05/2012,16/05/2016,,0,,C,,,,N
374411,Person    ,,, Jenifer, Gerald,,U 2  37 Alexander St HALLAM  VIC  3803,,,,,,,,20/05/2012,28/06/2016,,0,,C,,,,N
374505,Company   ,1,COMP, California Pastoral Co Pty Ltd,,,PO Box 622 DANDENONG  VIC  3175,,,,,,,,20/05/2012,20/04/2016,,0,,C,,,,N
374893,MultiName ,,,Mr/S E & G  Sodexo,,,1 Avonwood Road NARRE WARREN NORTH  VIC  3804,,,,,,,,20/05/2012,28/06/2016,,0,,P,,,,N
108,Person    ,,, Trump, Mary Marie  Wendy,,71 A'Beckett Road NARRE WARREN NORTH  VIC  3804,,13/06/1950,,,,,,20/05/2012,25/05/2016,,0,,C,,,,N
1652,Person    ,,, Trump, Fernando  Samilton,,PO Box 342 BERWICK  VIC  3806,,10/07/1944,,,0403 114 044,,,20/05/2012,9/05/2016,,0,,C,,,,N
1653,Person    ,,, Trump, Garth  Homer,,PO Box 342 BERWICK  VIC  3806,,13/10/1946,,,0404 990 093,, Garth. Trump@snanil.zoo,20/05/2012,25/05/2016,,0,,C,,,,N
2770,Person    ,,, Sodexo, Marpina,,1 Avonwood Road NARRE WARREN NORTH  VIC  3804,,,,,,,,20/05/2012,28/06/2016,,0,,C,,,,N
2771,Person    ,,, Sodexo, Agidio,,1 Avonwood Road NARRE WARREN NORTH  VIC  3804,,,,,,,,20/05/2012,8/07/2016,307382173J,11119,,C,Centrelink,Verified,V,N
4282,Person    ,,, Hendis, Badalapur  Kajol  Sulakshana,,1 Benny Place BERWICK  VIC  3806,,11/12/1973,03 9309 0349,,043 333 324,, Kajol Hendis@me.zoo,20/05/2012,29/06/2016,321476347V,34357,,C,CENTRELINK,Unmatched,U,N
8474,Person    ,,, Soutek, Kramer,,41 Coowarra Way BERWICK  VIC  3806,,,0413 144 990,,0404 110 243,,,20/05/2012,28/06/2016,,0,,C,,,,N
8475,Person    ,,, Soutek, Elise  Wendy,,41 Coowarra Way BERWICK  VIC  3806,,6/07/1979,,,0404 110 243,,,20/05/2012,28/04/2016,,0,,C,,,,N
16219,Person    ,,, Trump, Jarrod  Garth,,22 Greenacre Crescent NARRE WARREN  VIC  3805,,,,,,,,20/05/2012,28/06/2016,,0,,C,,,,N
18209,Company   ,2,GOV, The Republic of Sale (St Michael's Parish Church),,,PO Box 424 BERWICK  VIC  3806,,,,03 9303 1311,,03 9303 1491,secretary@stmichaelsparish.zoo.nowhere,20/05/2012,4/05/2016,,0,,C,,,,N
18211,Company   ,2,GOV, The Republic of Sale (Diocesan Office),,,PO Box 95 CRANBOURNE  VIC  3977,,,,03 1992 1941,,03 1299 0911,pa@sale.clown.zoo.nowhere,20/05/2012,10/06/2016,,0,,C,,,,N
22844,Person    ,,, Daulton, Erin  Marie,,26-28 Laramie Road NARRE WARREN SOUTH  VIC  3805,,3/12/1942,,,,,,20/05/2012,12/05/2016,,0,,C,,,,N
24432,Person    ,,, Book, Angela,,13 Ami Court BERWICK  VIC  3806,,23/03/1983,,,0409 031 302,,,20/05/2012,12/05/2016,,0,,C,,,,N
27840,Company   ,2,GOV, The Republic of Sale (Trinity),,,PO Box 171 NARRE WARREN  VIC  3805,,,,03 9304 1930,,03 9304 1340,info@trinitynarre.clown.zendu.nowhere,20/05/2012,3/03/2016,,0,,C,,,,N
28253,Person    ,,, Freeman, Tulas Mousa,,246 Ormond Road NARRE WARREN SOUTH  VIC  3805,,8/02/1983,,,0491 009 140,,,20/05/2012,28/06/2016,320184437L,37213,,C,CENTRELINK,Verified,V,N
29186,Person    ,,, Foster, Ron  Tapila  Briyamtha,,86 Shetland Street ENDEAVOUR HILLS  VIC  3802,,23/11/1963,,,0494 319 341,,,20/05/2012,10/05/2016,,0,,C,,,,N
34258,Person    ,,, Mubarek, Stephen Usman,,18 Abbey Road NARRE WARREN SOUTH  VIC  3805,,7/02/1958,,,,,,20/05/2012,12/05/2016,,0,,C,,,,N
35652,Company   ,2,GOV, The Republic of Melbourne (St Paul Apostle Parish),,,5 William Hovell Drive ENDEAVOUR HILLS  VIC  3802,,,,03 9300 3341,,03 9300 2994,office@stpaulapostle.zoo.nowhere,20/05/2012,18/07/2016,,0,,C,,,,N
38249,Company   ,2,GOV, The Republic of Melbourne (Missionary Sisters Of Christ),,,9 Wadham Ct ENDEAVOUR HILLS  VIC  3802,,,,,,,,20/05/2012,14/08/2014,,0,,C,,,,N
39106,Person    ,,, Saturn, Sally,,6 Wilkinson Way ENDEAVOUR HILLS  VIC  3802,,,,,,,,20/05/2012,28/06/2016,,0,,C,,,,N
42722,Company   ,2,GOV, The Republic of Melbourne (Holy Family),,,100 Power Road DOVETON  VIC  3177,,,,,,,,20/05/2012,1/03/2016,,0,,C,,,,N
47680,Company   ,2,GOV, The Republic of Sale (St  Frank Xavier),,,St Francis Xavier 4 Beaconsfield Ave BEACONSFIELD  VIC  3807,,,,,,,,20/05/2012,10/06/2016,,0,,C,,,,N
49937,Company   ,2,GOV, The Republic of Sale (St Agatha's Parish),,,PO Box 95 CRANBOURNE  VIC  3977,,,,03 1992 9394,,03 1992 4110,,20/05/2012,3/05/2016,,0,,C,,,,N
51526,Person    ,,, Saunders, Cindy  Wendy,,11 St Bernand Crescent LYNBROOK  VIC  3975,,12/10/1974,03 9399 2311,,0419 411 292,,,20/05/2012,23/05/2016,,0,,C,,,,N
52284,Company   ,2,GOV, Kelvin's Church),,,120 Hallam Rd HAMPTON PARK  VIC  3976,,,,03 9399 9104,,03 9399 2499,stkevins@fishpond.zoo.nowhere,20/05/2012,4/05/2015,,0,,C,,,,N
55609,Company   ,2,SOLT, Kelvin's Presbytery),,,15 Kylie Ct HAMPTON PARK  VIC  3976,,,,,,,,20/05/2012,12/05/2016,,0,,C,,,,N
60027,Person    ,,, Bostovalopp, Johnander,,Marlene Court HAMPTON PARK  VIC  3976,,20/02/1975,03 4319 1134,,,,,20/05/2012,28/06/2016,,0,,C,,,,N
62789,Person    ,,, Zakropoulos, Bart,,PO Box 374 CRANBOURNE  VIC  3977,,25/07/1933,,,0411 131 444,,,20/05/2012,8/07/2016,320484612H,56760,,C,Centrelink,Verified,V,N
62790,Person    ,,, Zakropoulos, Catherine,,PO Box 374 CRANBOURNE  VIC  3977,,1/03/1933,03 1992 2413,,,,,20/05/2012,3/05/2016,,0,,C,,,,N
62791,Person    ,,, Zakropoulos, Giovane,,PO Box 374 CRANBOURNE  VIC  3977,,11/01/1964,,,,,,20/05/2012,3/05/2016,,0,,C,,,,N
64667,Person    ,,, Swinging, Joanne  Doreen,,2 Trawalla Court HAMPTON PARK  VIC  3976,,19178,03 9399 0111,03 9303 1300,0419 443 003,,,20/05/2012,12/05/2016,,0,,C,,,,N
69272,Company   ,2,SOLT, Trump F H & L M,,,PO Box 342 BERWICK  VIC  3806,,,,,,,,20/05/2012,8/10/2015,,0,,C,,,,N
80089,Company   ,2,GOV, The Republic of Melbourne (St Paul Apostle South School),,,78 Matthew Flinders Avenue ENDEAVOUR HILLS  VIC  3802,,,,,,,,20/05/2012,18/08/2014,,0,,C,,,,N
84779,Person    ,,, Zakropoulos, Anastasia,,PO Box 374 CRANBOURNE  VIC  3977,,2/01/1967,,,0490 132 213,,,20/05/2012,3/05/2016,,0,,C,,,,N
84855,Company   ,2,GOV, The Republic of Sale (St John the Baptist Presbytery),,,PO Box 1 KOO WEE RUP  VIC  3981,,,,03 1993 1110,,03 1993 9900,,20/05/2012,15/08/2014,,0,,C,,,,N
88938,Person    ,,, Montecarlo, Anthony,,3 Gretel Court HAMPTON PARK  VIC  3976,,13/02/1942,03 9399 9104,,,,,20/05/2012,8/07/2016,304384722A,70565,,C,CENTRELINK,Verified,V,N
93504,Person    ,,, Mubarek, Stephen  Abdiliah,,18 Abbey Road NARRE WARREN SOUTH  VIC  3805,,,,,0413 491 113,, Mubarek@open.zoo,20/05/2012,28/06/2016,,0,,C,,,,N
98663,Person    ,,, Steven, Stephen  Aurangzeb,,Seebeck Drive NARRE WARREN SOUTH  VIC  3805,,,03 9304 1421,,0433 493 391,,,20/05/2012,28/06/2016,,0,,C,,,,N
99479,Person    ,,, Black, Prakash  Chetan  Yapparama,,12 Carabott Place BERWICK  VIC  3806,,10/02/1975,,,0431 133 933,,,20/05/2012,28/04/2016,,0,,C,,,,N
101193,Person    ,,, Greensborough, Paudric,,52 Valley Fair Drive NARRE WARREN  VIC  3805,,,03 9301 4334,,0404 199 934,,,20/05/2012,10/06/2016,,0,,C,,,,N
103005,Person    ,,,D' Gold, Diamond  Frank,,5 Chatham Close CRANBOURNE EAST  VIC  3977,,24/09/1976,03 1911 3142,,,,,20/05/2012,5/05/2016,,0,,C,,,,N
107778,Person    ,,, Mubarek, Stephen Jahanzeb,,18 Abbey Road NARRE WARREN SOUTH  VIC  3805,,,03 9392 4433,,,,,20/05/2012,12/05/2016,,0,,C,,,,N
110010,Person    ,,, Dell  Santa, Gloria  Manny  Bart,,104 Sabel Drive CRANBOURNE NORTH  VIC  3977,,20/04/1975,,,0411 040 114,,,20/05/2012,28/06/2016,,0,,C,,,,N
110702,Person    ,,, Bowe, Jimmy  Mark,,PO Box 557 BEACONSFIELD  VIC  3807,,9/07/1961,,,0411 433 311,,,20/05/2012,16/04/2014,,0,,C,,,,N
116833,Person    ,,, Pemberton, Rebecca  Meigh,,10 Hateley Heath CRANBOURNE EAST  VIC  3977,,13/01/1972,03 1991 3111,,0404 401 314,, Rebecca.M. Pemberton@snanil.zoo,20/05/2012,28/06/2016,,0,,C,,,,N
117468,Person    ,,, Mac Den  Apple, Kylie  Le Marie,,75 Golden Grove Drive NARRE WARREN SOUTH  VIC  3805,,5/12/1984,,,,,,20/05/2012,28/06/2016,,0,,C,,,,N
119266,Person    ,,, Ken  Black, Belinda  Roger,,10 Hal Porter Terrace LYNBROOK  VIC  3975,,23/07/1973,,,,,,20/05/2012,28/06/2016,,0,,C,,,,N
121103,Person    ,,, McDonald, Bella  Fab  Yellow,,32 Loxley Boulevard NARRE WARREN SOUTH  VIC  3805,,14/08/1981,,,0401 901 309,,,20/05/2012,28/06/2016,,0,,C,,,,N
121240,Person    ,,, Bostovalopp, Bart,,40 Springhill Drive CRANBOURNE  VIC  3977,,,,,0414 199 299,,,20/05/2012,28/06/2016,,0,,C,,,,N
121768,Person    ,,, Jungle, Patricia  Jessica,,47 Stefan Drive BERWICK  VIC  3806,,11/02/1979,,03 4342 3413,,,,20/05/2012,28/06/2016,,0,,C,,,,N
125585,Person    ,,, Supper, Maureen  Kaitlin   Charlestine   Magic,,10 T Mickett Street CLYDE  VIC  3978,,21/03/1985,,,0413 092 419,,,20/05/2012,28/06/2016,,0,,C,,,,N
126744,Person    ,,, Trump, Amanda  Geraldine,EstateOf,51-69 O'Shea Road BERWICK  VIC  3806,,20/08/1914,,,,,,20/05/2012,27/01/2015,,0,,C,,,,N
128802,Person    ,,, Childish, Sprinkley  Belinda  Lina,,28 Lyndhurst Boulevard LYNDHURST  VIC  3975,,21/09/1981,,,,,,20/05/2012,28/06/2016,,0,,C,,,,N
128803,Person    ,,, Ravivijayakant, Sprinkle  Gita  Sarwatmkari,,28 Lyndhurst Boulevard LYNDHURST  VIC  3975,,8/12/1974,,,0413 104 439,,,20/05/2012,28/06/2016,,0,,C,,,,N
134526,Company   ,2,COMP, Mickey Mouse Land (Vic) Pty Ltd,,,PO Box 857 MOUNT WAVERLEY  VIC  3149,199 043 343,,,03 9911 1111,,,,20/05/2012,31/01/2014,,0,,C,,,,N
137307,Company   ,2,SOLT, Trump A G (Estate Of),,,PO Box 342 BERWICK  VIC  3806,,,,,,,,20/05/2012,12/01/2015,,0,,C,,,,N
138431,Person    ,,, Darren, Lauren  June,,54 Bellis Circuit BOTANIC RIDGE  VIC  3977,,6/03/1981,03 4390 2344,,0494 399 393,,,20/05/2012,12/05/2016,,0,,C,,,,N
140148,Person    ,,, Snowlan, J Alexander,,320 Anderson Hill Rd LOCH  VIC  3945,,5/03/1986,,,0444 340 319,,,20/05/2012,6/05/2016,,0,,C,,,,N
143282,Person    ,,, Jenifer, Gerald  Angus,,37A Alexander Street HALLAM  VIC  3803,,,,,,,,20/05/2012,28/06/2016,,0,,C,,,,N
146664,Person    ,,, Whittkar, Katherine  Loretta,,131-133 Brisbane St BERWICK  VIC  3806,,,,,,,,20/05/2012,28/06/2016,,0,,C,,,,N
146665,Person    ,,, Whittkar, Joy  Dennis,,131-133 Brisbane St BERWICK  VIC  3806,,,,,,,,20/05/2012,28/06/2016,,0,,C,,,,N
147400,Company   ,2,COOP, California Pastoral Co Pty Ltd,,,L 8  416-420 Collins St MELBOURNE  VIC  3000,,,03 9201 1400,,,03 9249 9311,,20/05/2012,2/04/2015,,0,,C,,,,N
151940,Person    ,,, Trump, Howard  Chuck,,12/57 Gloucester Avenue BERWICK  VIC  3806,,,,,,,,20/05/2012,28/06/2016,,0,,C,,,,N
151941,Person    ,,, Trump, Isabelle,,12/57 Gloucester Avenue BERWICK  VIC  3806,,,,,,,,20/05/2012,28/06/2016,,0,,C,,,,N
152754,Person    ,,, Montecarlo, Antonia,,3 Gretel Court HAMPTON PARK  VIC  3976,,25/06/1937,03 9399 9104,,,,,20/05/2012,12/05/2016,,0,,C,,,,N
166202,Person    ,,, Snowling, Megan,,15 Song Street NARRE WARREN  VIC  3805,,27/06/1979,,,0491 433 029,,,20/05/2012,28/06/2016,,0,,C,,,,N
166942,Person    ,,, Bowe, Jimmy  Mark,,63 Strathavan Drive BERWICK  VIC  3806,,9/07/1961,,,0411 433 311,,,20/05/2012,29/04/2016,,0,,C,,,,N
179377,Person    ,,, Hanuman, Saket,,3 Peledora Place LYNDHURST  VIC  3975,,,,,,,,20/05/2012,28/06/2016,,0,,C,,,,N
180001,Person    ,,, Henderson, Rebecca  Mee,,Sales History DELETE,,,,,,,,20/05/2012,28/06/2016,,0,,C,,,,N
182494,Person    ,,, Bostovalopp, Bart,,7 Loganberry Close CRANBOURNE NORTH  VIC  3977,,,03 1991 2393,,,,,20/05/2012,28/06/2016,,0,,C,,,,N
184847,Company   ,2,COMP, Micktone Homes Pty Ltd,,,83 Canterbury Rd CANTERBURY  VIC  3126,,,,03 9432 0109,,, Micktone@fishpond.zoo,20/05/2012,11/07/2016,,0,,C,,,,N
187374,Person    ,,, Saunders, Sherryl  John,,25 Stirling Avenue CRANBOURNE NORTH  VIC  3977,,,,,,,,20/05/2012,28/06/2016,,0,,C,,,,N
190667,Person    ,,, Zootopia, Sharon  Josephine,,8 Sandpiper Close BLIND BIGHT  VIC  3980,,11/07/1973,03 1994 3339,,0414 994 442,,,20/05/2012,3/05/2016,,0,,C,,,,N
192899,Person    ,,, Zakropoulos, Martina,,3 Gardenia Court NARRE WARREN SOUTH  VIC  3805,,,,,,,,20/05/2012,28/06/2016,,0,,C,,,,N
192900,Person    ,,, Zakropoulos, Domnique,,3 Gardenia Court NARRE WARREN SOUTH  VIC  3805,,,,,,,,20/05/2012,28/06/2016,,0,,C,,,,N
197411,Person    ,,, Sorbet, Jorijana,,2 Braemar Court ENDEAVOUR HILLS  VIC  3802,,,,,,,,20/05/2012,28/06/2016,,0,,C,,,,N
200639,Person    ,,, Pemberton, Rebecca  Meigh,,Sales History DELETE,,,,,,,,20/05/2012,28/06/2016,,0,,C,,,,N
204963,Person    ,,, Trump, Fernando Milton,EstateOf,51-69 O'Shea Road BERWICK  VIC  3806,,,,,,,,20/05/2012,26/11/2015,,0,,C,,,,N
206926,Person    ,,, Soutek, Josh,,12 Nerrena Rise CRANBOURNE WEST  VIC  3977,,,,,,,,20/05/2012,28/06/2016,,0,,C,,,,N
215505,Person    ,,, Bowe, Jimmy  Mark,,31 Northgate Drive BERWICK  VIC  3806,,9/07/1967,,,0411 433 311,,,20/05/2012,28/06/2016,,0,,C,,,,N
215909,Company   ,2,COMP, Trump Family Superannuation Fund Pty Ltd,,,PO Box 342 BERWICK  VIC  3806,,,,,,,,20/05/2012,12/01/2015,,0,,C,,,,N
464648,Person    ,,, Supper, Maureen   Esther,,10 Trickett Street CLYDE  VIC  3978,,7/08/1991,03 9032 3191,03 4394 9911,0413 310 193,,virginie. Supper@snanil.zoo,12/04/2016,3/05/2016,,0,,C,,,,N
439083,Person    ,,, Suleman, Sophia,,6 Macleod Way LYNBROOK  VIC  3975,,9/05/1979,03 4311 1319,,0410 900 221,, Sophia_ Suleman@open.zoo,9/06/2015,23/05/2016,,0,,C,,,,N
466602,Person    ,,, Greensborough, Patrick,,225 Muddy Gates Lane CLYDE  VIC  3978,,,,,,, Paudriczmel@snanil.zoo,12/05/2016,10/06/2016,,0,,C,,,,Y
396146,Person    ,,, Zakropoulos, Alannah,,27 Scott Street CRANBOURNE  VIC  3977,,,03 1992 2413,,,,,14/12/2012,6/07/2016,,0,,C,,,,N
396423,Person    ,,, Hendis, Pamela,,1 Benny Place BERWICK  VIC  3806,,,0433 333 324,,,,,14/12/2012,28/06/2016,,0,,C,,,,N
398795,Person    ,,, Tinny, Kylie,,14 Mildura Cres ENDEAVOUR HILLS  VIC  3802,,,0412 993 131,,,,,24/01/2013,28/06/2016,,0,,C,,,,N
435716,Person    ,,, Talawalkaar, Kamesh Reedy,,18 Ferndown Drive CRANBOURNE  VIC  3977,,,,,0412 444 449,,t Kamesh81@snanil.zoo,16/12/2014,17/06/2016,,0,,C,,,,N
435991,Person    ,,, Mac Bergenhenegouwen, Kelly,,7 Spice Rise HALLAM  VIC  3803,,,03 9309 3201,,,,,16/12/2014,12/05/2016,,0,,C,,,,N
457646,Person    ,,, Tappa  Badaliyaange, Chandrika Prasadini  Tappa,,49 Hutchinson Drive LYNBROOK  VIC  3975,,24/06/1977,03 4349 0343,,0433 123 494,,,16/12/2015,23/05/2016,,0,,C,,,,N
457636,Person    ,,, Aathawale  Kambardukhane, Sangeet Marie  Vanshdiva,,Unit 1/23 Fleur Court NARRE WARREN SOUTH  VIC  3805,,,,,0433 131 903,,,16/12/2015,1/06/2016,,0,,C,,,,N
457493,Person    ,,, Suleman, Hamid,,87 Soldiers Road BERWICK  VIC  3806,,,,,0430 029 131,,,16/12/2015,29/04/2016,,0,,C,,,,N
449638,Person    ,,, Tinny, Louis,,14 Mildura Crescent ENDEAVOUR HILLS  VIC  3802,,,,,0493 934 143,,,4/08/2015,10/05/2016,,0,,C,,,,N
463347,Person    ,,, Kambardukhane, Sangeet Mahe  Aathawale,,Unit 1/23 Fleur Court NARRE WARREN SOUTH  VIC  3805,,,,,0433 131 904,,,18/03/2016,1/06/2016,,0,,C,,,,N
387747,Company   ,2,COMP,SantaCruz Pty Ltd,,,28 Simon Ave NOBLE PARK  VIC  3174,113 191 201,,,,,,,24/05/2012,31/05/2016,,,,,,,,
389058,Person    ,,, Hafiz, Kaur,,22 Carlton Rd DANDENONG NORTH  VIC  3175,,,,,0413 460 714,, Kaur. Hafiz1234@snanil.zoo,25/06/2012,29/10/2015,,,,,,,,
390140,Company   ,2,SOLT,Waverley  Clown College Narre Warren Campus,,,20 College Drive NARRE WARREN SOUTH  VIC  3805,,,,03 8765 7700,,03 9705 9204,nws@wcc.state.zendu.nowhere,20/07/2012,27/06/2016,,,,,,,,
390276,Person    ,,,JA,JAE,,11 Highwood Dr WHEELERS HILL  VIC  3150,,,,,,,,24/07/2012,28/06/2016,,,,,,,,
390344,Company   ,7,SOLT, Mooroccan  Cafe,,,1 Rebound Court NARRE WARREN  VIC  3805,,,03 9796 6199,03 9796 6199,,,,26/07/2012,25/09/2015,,,,,,,,
390362,Person    ,,, Raynold, Mori,,263-265 Belgrave-Hallam Road NARRE WARREN NORTH  VIC  3804,,3/08/1964,03 9796 9312,,0431 036 906,,,26/07/2012,30/10/2015,,,,,,,,
390428,Company   ,2,COOP, Eastern  Antartic Grocery Pty Ltd,,,56 Spring Square HALLAM  VIC  3803,,,,,,,,31/07/2012,28/06/2016,,,,,,,,
390440,Person    ,,, Rogerson, Sherryl,,27-47 Gloucester Avenue BERWICK  VIC  3806,,,,,,,,31/07/2012,28/06/2016,,,,,,,,
390642,Person    ,,, Weera Oscare, Nelson,,4 Westwood Road CRANBOURNE EAST  VIC  3977,,,,,,,,3/08/2012,28/06/2016,,,,,,,,
390644,Person    ,,, Peterson, Nellie,,26 Waterbury Street CRANBOURNE  VIC  3977,,,,,,,,3/08/2012,28/06/2016,,,,,,,,
390645,Person    ,,, Sindabad, Jimmy,,207/1250 Bay Street PORT MELBOURNE  VIC  3207,,,,,,,,3/08/2012,28/06/2016,,,,,,,,
390696,Person    ,,, Mac De Seek, Kamal,,515 North Road CRANBOURNE SOUTH  VIC  3977,,18/09/1962,,,0433 839 425,,tyabb@saddleGlobe.zoo,6/08/2012,28/06/2016,,,,,,,,
390738,Company   ,2,SOLT,The  Program  File Shop,,,PO Box 128 NARRE WARREN  VIC  3805,29099994343,,0418 141 946,03 9704 6940,,03 9704 6214, Program@the Program Fileshop.zoo.nowhere,7/08/2012,17/06/2015,,,,,,,,
390872,Person    ,,, Holligan, Bronwyn  Erica,,5 Kent Court CRANBOURNE NORTH  VIC  3977,,,,,,,,9/08/2012,28/06/2016,,,,,,,,
390873,Person    ,,, Ferguson, Norman,,78 Power Road DOVETON  VIC  3177,,,,,,,,9/08/2012,28/06/2016,,,,,,,,
390925,Person    ,,, Honey, Stewart,,5 Caravelle Court BERWICK  VIC  3806,,,,,0410 596 436,,,10/08/2012,28/06/2016,,,,,,,,
391032,Company   ,3,SOLT, Sonia Dallas  Chocolate,,,213-215 Princes Highway HALLAM  VIC  3803,,,,,,,,15/08/2012,28/06/2016,,,,,,,,
391078,Person    ,,, Ekbote, Selandra,,5 Caropepe Ave PAKENHAM  VIC  3810,,,,,,,,16/08/2012,28/06/2016,,,,,,,,
391079,Person    ,,, Foster, Jorie,,104 Reema Boulevard ENDEAVOUR HILLS  VIC  3802,,,,,,,,16/08/2012,28/06/2016,,,,,,,,
391151,Person    ,,, Arnott, Martin,,L 12  600-602 St Kilda Rd MELBOURNE  VIC  3004,,,,,,,,17/08/2012,28/06/2016,,,,,,,,
391254,Person    ,,, Meent, Shane  Minister,,4 Yardley Court BERWICK  VIC  3806,,,,,,,,21/08/2012,28/06/2016,,,,,,,,
391255,Person    ,,, Patterchoksi, Goldna,,James COOK DRIVE ENDEAVOUR HILLS  VIC  3802,,,,,,,,21/08/2012,28/06/2016,,,,,,,,
391310,Person    ,,, Nii,Hai  Meent,,SUITE 607/55 SWANSTON STREET MELBOURNE  VIC  3000,,,,,,,,21/08/2012,28/06/2016,,,,,,,,
391389,Person    ,,, Niiu, Carmaine ( Singer Corn),,24 Yorkshire Drive CRANBOURNE NORTH  VIC  3977,,,,,,,,24/08/2012,28/06/2016,,,,,,,,
391390,Person    ,,, Chiranjeevadasa, Lodhi,,Unit 3/4-6 Camdale Close HAMPTON PARK  VIC  3976,,,,,,,,24/08/2012,28/06/2016,,,,,,,,
391407,Person    ,,, Down, Garmin,,316 Horsley Rd MILPERRA  NSW  2214,,,,,,,,24/08/2012,28/06/2016,,,,,,,,
391417,Person    ,,, Gauri, Nawab,,9 Marnie Place HALLAM  VIC  3803,,21/07/1987,,,0426 889 568,,,27/08/2012,12/05/2016,,,,,,,,
391429,Company   ,3,SOLT, Council  Mothavinchu,,,160 Berwick-Cranbourne Road CRANBOURNE EAST  VIC  3977,,,03 9547 1305,03 5996 1111,,,,27/08/2012,5/05/2016,,,,,,,,
391443,Person    ,,, Cottage, Melissa,,10 Eastbury Court NARRE WARREN SOUTH  VIC  3805,,,03 8790 1865,,,,,27/08/2012,28/06/2016,,,,,,,,
391689,Person    ,,, Mac Hoof Jenkins, Emily Katherine,,23-24 Oban Close ENDEAVOUR HILLS  VIC  3802,,,,,,,,3/09/2012,28/06/2016,,,,,,,,
391739,Person    ,,, Stemark, Salonee  Melissa,,2 Telford Court HAMPTON PARK  VIC  3976,,13/05/1985,03 5991 7812,,0400 539 091,, Saloneestark85@snanil.zoo,3/09/2012,8/07/2016,,,,,,,,
391759,Person    ,,, Wallaroo, Delaware,,Unit 18/87 Hallam South Road HALLAM  VIC  3803,,,,03 9796 4583,,, Delawarew@ denmark.zoo.nowhere,3/09/2012,28/06/2016,,,,,,,,
391764,Company   ,3,GOV, Thomas Cook Primary School,,,James Cook Drive ENDEAVOUR HILLS  VIC  3802,,,03 9700 2601,03 9700 2601,,,,3/09/2012,17/05/2016,,,,,,,,
391855,Person    ,,, Techatli, Farhan,,U 3  26 Bowen St KARDINYA  WA  6163,,,,,,,,6/09/2012,28/06/2016,,,,,,,,
391856,Person    ,,, Boatload, Aamaroon,,86-90 Carroll Rd OAKLEIGH SOUTH  VIC  3167,,,,,,,,6/09/2012,28/06/2016,,,,,,,,
391857,Company   ,3,COOP, Fengu  Shui Temple ( America) Inc,,,6-10 Reservoir Rd NARRE WARREN NORTH  VIC  3804,,,,03 9794 8079,,,info@ Fengu Shuitemple.zoo.nowhere,6/09/2012,23/10/2015,,,,,,,,
391859,Person    ,,, Boston, Sonia,,10 Northview Ct BEACONSFIELD  VIC  3807,,,,,,,,6/09/2012,28/06/2016,,,,,,,,
391938,Person    ,,, Zap, Sweety Gaik,,282 Blackburn Rd BLACKBURN SOUTH  VIC  3130,,,,,,,,10/09/2012,28/06/2016,,,,,,,,
392028,Person    ,,, Bakshi, Tiara,,217 Commercial Rd SOUTH YARRA  VIC  3141,,,,,,,,11/09/2012,28/06/2016,,,,,,,,
392147,Person    ,,, Bakshi, Martin  Angus,,22 Second Ave ASPENDALE  VIC  3195,,5/05/1970,,,,,,14/09/2012,29/10/2015,,,,,,,,
392300,Person    ,,, Rooster,Micah,,31 Mermaid Grove LYNDHURST  VIC  3975,,,,,,,,18/09/2012,28/06/2016,,,,,,,,
392301,Person    ,,, Knight, Warrior,,38 Bellevue Cres PRESTON  VIC  3072,,,,,,,,18/09/2012,28/06/2016,,,,,,,,
392347,Person    ,,, Ziman, Nii,,SHOPS 1207-08/352 PRINCES HIGHWAY NARRE WARREN  VIC  3805,,,,,,,,19/09/2012,28/06/2016,,,,,,,,
392348,Person    ,,, Pomegranate, Charles,,PO Box 2021 ROWVILLE  VIC  3178,,,,,,,,19/09/2012,28/06/2016,,,,,,,,
392352,Person    ,,, Paprica, Carbu,,1 Leith Court ENDEAVOUR HILLS  VIC  3802,,,,,,,,19/09/2012,28/06/2016,,,,,,,,
392523,Person    ,,,Wei  Saturday, Minister,,K119 Fountian Gate Shopping Centre NARRE WARREN  VIC  3805,,,,,,,,24/09/2012,28/06/2016,,,,,,,,
392535,"NARInvName, NAR Invalid Name Formats, Y",,, Wantirna,R,,PO Box 828 EMERALD  VIC  3782,,,,,,,,24/09/2012,28/06/2016,,,,,,,,
443850,Company   ,3,COOP, ABCD  Cheerybrook pty Ltd,,,Shop 124/125 South Gippsland Highway CRANBOURNE  VIC  3977,,,,,,,,1/05/2015,23/07/2015,,,,,,,,
443901,Person    ,,, Qatar, Jasmine,,27 Andleigh Dr MULGRAVE  VIC  3170,,,,,,,,4/05/2015,9/06/2015,,,,,,,,
443902,Person    ,,, Zi Parko, Cashmine Rebecca,,27 Andleigh Dr MULGRAVE  VIC  3170,,,,,,,,4/05/2015,9/06/2015,,,,,,,,
444214,Company   ,3,COOP, Fortune  Stemar Globe Wide Pty Ltd,,,8 Kent St KEW  VIC  3101,,,,,,,,7/05/2015,8/05/2015,,,,,,,,
444389,Person    ,,, Atlantis, Bourke,,28 Whitewater Ct SANDHURST  VIC  3977,,,03 8317 6509,03 9706 6969,0408 692 845,,accounts@atlantisbourke.zoo.nowhere,11/05/2015,16/12/2015,,,,,,,,
444944,Person    ,,, Minisotta, Donnael,,2 Anderson Court ENDEAVOUR HILLS  VIC  3802,,,,,,,,18/05/2015,10/05/2016,,,,,,,,
444945,Person    ,,, Monster, Ameliana,,2 Anderson Court ENDEAVOUR HILLS  VIC  3802,,,,,,,,18/05/2015,10/05/2016,,,,,,,,
445218,Company   ,3,COMP, GlaxcoPty Ltd,,,7 Wombat Court NARRE WARREN SOUTH  VIC  3805,,,,0406 507 272,,,,22/05/2015,12/05/2016,,,,,,,,
445452,Person    ,,, Nuyg, Jorie,,Unit 20/94 Abbott Road HALLAM  VIC  3803,,,,,,,,26/05/2015,26/05/2016,,,,,,,,
445453,Company   ,3,COMP, starbound Pty Ltd,,,Unit 3/2-8 Northey Road LYNBROOK  VIC  3975,,,,,,,,26/05/2015,1/06/2016,,,,,,,,
445493,Person    ,,, Yes, Hoffmon Ngoc,,16 Alliance St NOBLE PARK  VIC  3174,,,,,0401 607 763,,,27/05/2015,4/06/2015,,,,,,,,
445646,Company   ,3,COMP, Pitashree  Grandma Debji Pty Ltd,,,760 South Gippsland Highway LYNBROOK  VIC  3975,,,,,,,,29/05/2015,23/05/2016,,,,,,,,
445649,Person    ,,, Luftansa-Goundar, Parinita,,16 Maplewood Court CRANBOURNE NORTH  VIC  3977,,,,,,,,29/05/2015,6/05/2016,,,,,,,,
445650,Person    ,,, Stemark, Jonathan,,19 Rennison Drive BOTANIC RIDGE  VIC  3977,,,,,,,,29/05/2015,3/05/2016,,,,,,,,
445854,Person    ,,, Gentingasan, Sprakati  Cedameenta,,7 Adam Avenue HALLAM  VIC  3803,,,,,0426 107 804,,seww_2007@zulu.zoo,3/06/2015,12/05/2016,,,,,,,,
446042,Company   ,3,COMP, Phirangi  America Pty Ltd,,,25 Yammerbook Way CRANBOURNE EAST  VIC  3977,,,,,,,,4/06/2015,5/05/2016,,,,,,,,
446043,Person    ,,, Munnabhai, Metro,,16 Earlsfield Drive BERWICK  VIC  3806,,,,,,,,4/06/2015,29/04/2016,,,,,,,,
446048,Company   ,3,COMP, Arrarat Stemar Pty Ltd,,,7 Vista St BULLEEN  VIC  3105,,,,,0430 180 621,,fountaingate@ Tandul Karyashala.zoo.nowhere,5/06/2015,18/11/2015,,,,,,,,
446129,Person    ,,, Kandalakar, Donnaelle,,41 Holbourne Drive JUNCTION VILLAGE  VIC  3977,,,,,,,,9/06/2015,12/01/2016,,,,,,,,
