CodeNo,FirstName,Surname,DateOfBirth,PostalName,ContactName,ContactSurname,ContactDOB,Street,Town,State,PostCode,SilentNumber,HomePhone,WorkPhone,MobilePhone,ContactEmail,Ref1,Ref9,ABN,RegistrationDate
X72495, Mary, Jayawardhana,, Mary  Jayawardhana,,,,79 Macumba Dve,CLYDE NORTH,VIC,3978,,,03 4332 4243,0410 342 111,chethiw@zulu.zoo,391-400-491B,,,
X70939, Bella, Cab/ McDonald,, Bella Chong/ McDonald,,,,32 Loxley Boulevard,NARRE WARREN SOUTH,VIC,3805,,,,0401 901 309,,303-944-141T,,,
X72006, Patricia ( Pat), Jungle,, Patricia ( Pat)  Jungle,,,,47 Stefan Dve,BERWICK,VIC,3806,,03 4342 3413,03 9442 1911,0419 001 901,marvinelmo@open.zoo,309-434-331T,,,
X70050, Angela, Book,, Angela  Book,,,,22 Mahon Crescent,NARRE  WARREN,VIC,3805,,4334 0234,9 301 1490,0409 031 302,nicky Book23@zulu.zoo.nowhere,391-931-139H,,,
X72542, Ding  Xsz (Bueenie), Nit,, Ding  Xsz (Queenie)  Nit,,,,6 Henning Avenue,LYNBROOK,VIC,3975,,,,0400 112 194,queenie_yuen_550@open.zoo,901-332-902V,,,
X77824, Kelly, Mac Bergenhenegouwen,, Kelly  Mac Bergenhenegouwen,,,,7 Spice Rise,HALLAM,VIC,3803,,9309 3201,,0413 939 424, Kellymb26@snanil.zoo,303-191-134V,,,
X72245, Kylie, Mac Den  Apple,, Kylie  Mac Den  Apple,,,,75 Golden Grove Drive,NARRE  WARREN SOUTH,VIC,3805,,,03 9323 1443,0409 134 492,k.md Apple@zulu.zoo.nowhere,303-099-441B,,,
X72204, Rajanikant,Veramanga  Ranganathan,, Kamesh  Vinayak  Ranganathan,,,,4 Beechwood Dve,LYNDHURST,VIC,3975,,03 9309 9449,03 9190 9922,0439 399 243, Rajanikant_vr@zulu.zoo,391-423-093C,,,
X77787, Chandrika, Tappa Mudinyanselage,, Chandrika  Tappa Mudinyanselage,,,,49 Hutchinson Drive,LYNBROOK,VIC,3975,,03 4349 0343,03 9139 1300,0433 123 494, Chandrika Tappa77@zulu.zoo,391-414-323L,,,
X09339, Chandoba, Yapparama  Black,, Chandoba  Yapparama  Black,,,,12 Carabott Place,BERWICK,VIC,3806,,03 4394 3134,,0431 133 933, Chandoba@snanil.zoo,303-949-934S,,,
X77450, Sparrow, White,, Sparrow White,,,,6 Andrew Street,HAMPTON PARK,VIC,3976,,,,0431 310 134,,391-434-091C,,,
X70679, Le Marie, Catherine-Ratnayake,, Le Marie   Catherine-Ratnayake,,,,4 Heathfield Lane,OFFICER,VIC,3809,,1211 0923,9443 3301,0411 303 199,prabodyar@zulu.zoo,403-144-134A,,,
X72679, Surendreeta(Sue), Alabella  Beachfront,, Surendreeta(Sue)  Alabella  Beachfront,,,,1/23 Fleur Crt,NARRE  WARREN SOUTH,VIC,3805,,,,0433 131 904,surangi2007@zulu.zoo.nowhere,990-334-393L,,,
X08764, Ron Tapila  Briyamtha, Foster,, Ron Tapila  Briyamtha  Foster,,,,86 Shetland Street,ENDEAVOUR  HILLS,VIC,3802,,9300 1909,,0494 319341,k Foster@msn.zoo,391-039-114X,,,
X70777, Sherryl, Grover,, Sherryl  Grover,,,,11 St Bernards Crescent,LYNBROOK,VIC,3975,,03 9399  2311,4344 1943,0419 411 292,smdias33@open.zoo,390-314-204J,,,
X77545, Sonia, Grover,, Sonia  Grover,,,,11 St Bernards Crescent,LYNBROOK,VIC,3975,,9399 2311,,0419 411 292,smdias33@open.zoo,,,,
X70700, Sprinkle, Sarwatmkari  Ravivijayakant,, Sprinkle  Sarwatmkari  Ravivijayakant,,,,28 Lyndhurst Blvd,LYNDHURST,VIC,3975,,9399 9494,9910 3949,0413 104 439, Sprinkle@open.co.uk,391-240-920C,,,
X72386, Sarwatmkari S.  Mukhada, Ravivijayakant,, Sarwatmkari S.  Mukhada  Ravivijayakant,,,,28 Lyndhurst Bvd,LYNDHURST,VIC,3975,,9399 9494,,0411 144 391,sham.rupz@zulu.zoo.nowhere,,,,
Y07984, Pamela, Hendis,,,,,,1 Benny Place,BERWICK,VIC,3806,No,9309 0349,,0412 333 331,shamiwitharana@open.zoo,,,34-944-033-911,1/02/2012
Y02043, Kajol, Hendis (A),,,,,,1 Benny Place,BERWICK,VIC,3806,No,03 9309 0349,,0433 333 324,,,,,11/08/2015
Y07562, Erin (Lizzi), Daulton,,,,,,65 Cheviot Avenue,BERWICK,VIC,3806,No,9309 1931,,0404 930 913,lizzi Daulton@fishpond.zoo,,,41-493-011-239,25/10/2002
Y02008, Dishita, Wuka Oscari  Badaliyaange,,,,,,80 The Parkway,HAMPTON PARK,VIC,3976,No,4343 4119,,0433 941 949,dmadu.kanda@snanil.zoo,,,21-323-031-319,1/09/2013
X70572-02, Shania, Horsefarm,20/08/2003, Janis  Horsefarm, Janis, Horsefarm,18/12/1971,161 Golf Links Road,BERWICK,VIC,3806,,4324 9414,,0491 110 149, Janis Horsefarm@zulu.zoo.nowhere,490-913-193H,490-413-431C,,
X77944-07, Shania, Horsefarm,20/08/2003, Donald  Horsefarm, Donald, Horsefarm,17/02/1975,17 Gwendoline Drive,BERWICK,VIC,3806,,,9994 4433,0404 42 432, Donald. Horsefarm@knox.state.gov.nowhere,490-444-204H,490-413-431C,,
X72797-07, Charlie, De Bradley,19/09/2006, Grant De  Bradley, Grant,De  Bradley,28/10/1986,8 Lusitano Way,CLYDE NORTH,VIC,3978,,,,0419 321 142,,309-992-933X,391-099-033J,,
X07370-07, Charlie, DeBradley,19/09/2006, Alexandera Anderson, Alexandera, Arnott,12/12/1988,3 Terry Close,NARRE  WARREN,VIC,3805,,,,0431 919 494, Alexandera.b. Arnott@snanil.zoo,303-994-149K,391-099-033J,,
X70572-07, Jasper, Horsefarm,4/02/2006, Janis  Horsefarm, Janis, Horsefarm,18/12/1971,161 Golf Links Road,BERWICK,VIC,3806,,4324 9414,,0491 110 149, Janis Horsefarm@zulu.zoo.nowhere,490-913-193H,490-491-400H,,
X77944-02, Jasper, Horsefarm,4/02/2006, Donald  Horsefarm, Donald, Horsefarm,17/02/1975,17 Gwendoline Drive,BERWICK,VIC,3806,,,9994 4433,0404 42 432, Donald. Horsefarm@knox.state.gov.nowhere,490-444-204H,490-491-400H,,
,,,,,,,,,,,,,,,,,,,,
,,,,,,,,,,,,,,,,,,,,
