CustomerID,Business_ID,Date_Lodged,Business_Status,Business_Name,Owner_First_Name,Owner_Last_Name,Owner_Full_Name,Owner_Company,Owner_Email,Rego_No,Ref_AR_No,Business_Street_No,Business_Street_Name,Business_Suburb,Business_State,Business_Postcode,Owner_ABN,Owner_Work_Phone,Owner_Fax,Owner_Mobile
457636,353126,15-Aug-11,Registered, Council  Mothavinchu, Council, Mothavinchu, Council  Mothavinchu,,matthew@ Mothavinchu.zoo.nowhere,3826,601667,160,Berwick-Cranbourne Road,CRANBOURNE EAST,VIC,3977,,1992-1111,,0403-943-404
391151,353749,1-Aug-12,Registered, Kate Hairdo, Nellie, Peterson, Nellie  Peterson,,mirenda Peterson@zulu.zoo,4128,602136,26,Waterbury Street,CRANBOURNE,VIC,3977,,03-1991-4391,,0404-449-400
391859,358374,23-Aug-12,Registered,Chocolette  Lolly Shop, Carmaine ( Singer Corn), Niiu, Carmaine ( Singer Corn)  Niiu,,chocolette.liu@snanil.zoo,4144,602157,24,Yorkshire Drive,CRANBOURNE NORTH,VIC,3977,,,,0411-219-934
121240,359816,30-Aug-12,Registered,First  start  Education,,,First  start  Education Pty Ltd,First  start  Education Pty Ltd,jordan@first start Education.zoo.nowhere,4143,602166,23,Oban Close,ENDEAVOUR HILLS,VIC,3802,,4334-3402,,0414-029-491
60027,359888,28-Jul-11,Registered, Thomas Cook Primary School, Maureen ,Hutchinson, Maureen  Hutchinson,,jamescook.ps@edumail.state.gov.nowhere,152,600074,29,James Cook Drive,ENDEAVOUR HILLS,VIC,3802,33240323033,03-9300-9201,,0403-119-494
193985,361500,6-Sep-12,Registered, Divecha Fountain Gate,,,ANR  America Pty Ltd,ANR  America Pty Ltd,fountaingate. Divecha@snanil.zoo,4176,602178,1193,Westfield F/Gate,NARRE WARREN,VIC,3805,,,,0404-441-302
110702,361669,19-Sep-12,Registered, Score  Jamaica's  Drinkss,,, Pomegranate Pty Ltd, Pomegranate Pty Ltd,admin@gjfountaingate.zoo.nowhere,4164,602193,1219,Westfield F/Gate,NARRE WARREN,VIC,3805,,,,0409-109-949
442181,361765,24-Aug-12,Registered, Happy Life,,, Happy Life  Mob Pty Ltd, Happy Life  Mob Pty Ltd,g Down@ Happylife Mob.zoo.nowhere,4211,602159,2113,Westfield F/Gate,NARRE WARREN,VIC,3805,,09-9339-3100,1300-114-111,0413-332-934
103005,362014,20-Aug-12,Registered, Kitkat Break, Meent ( Minister), Shane, Meent ( Minister)  Shane,,m. Shane1209@snanil.zoo,4157,602152,Kiosk 260,Westfield F/Gate,NARRE WARREN,VIC,3805,,,,0401-939-114
231109,362183,19-Sep-12,Registered, Coffee Inn,,, ASG  Catering Pty Ltd, ASG  Catering Pty Ltd, ASG. Catering@snanil.zoo,4161,602192,1027,Westfield F/Gate,NARRE WARREN,VIC,3805,,,,0430-490-239
72857,362257,5-Sep-12,Registered, Sultanasi Izakaya,,, Sultanasi Trust, Sultanasi Trust,accounts_payable@ Sultanas Sultanas.zoo.nowhere,4160,602170,K254,Westfield F/Gate,NARRE WARREN,VIC,3805,,03-4131-3444,,
466602,362292,17-Aug-12,Registered, Toss  Fantoms,,, Palledium Capital  Mob, Palledium Capital  Mob,alcox@ Pallediumcapital.zoo.nowhere,4151,602151,3102,Westfield F/Gate,NARRE WARREN,VIC,3805,34914133114,03-9112-0000,,0413-913-113
101193,362397,2-Aug-12,Registered,The  Universal Circle,,, Universal Circle Narre Warren Pty Ltd, Universal Circle Narre Warren Pty Ltd,Accounts@universalcircle.zoo.nowhere,4162,602137,R1122,Westfield F/Gate,NARRE WARREN,VIC,3805,,03-9241-4394,,0404-249-499
242342,362557,21-Sep-12,Registered, Westlake Super Icecream,,, Multicolour Delight Holdings Pty Ltd, Multicolour Delight Holdings Pty Ltd, Saturdayru63@open.zoo,4172,602195,K119,Westfield F/Gate,NARRE WARREN,VIC,3805,,03-9304-9313,,0401-242-341
180001,362846,5-Sep-12,Registered, Dashboard  Dolbys,,, Dashboard  Dolbys Pty Ltd, Dashboard  Dolbys Pty Ltd,dan Dolbys@snanil.zoo,4148,602175,21,National Drive,HALLAM,VIC,3803,,9392-1949,,0433-413-199
462527,363046,31-Jan-10,Registered, Loritta's Filipino &  Antartic Groceries,,,John  Frankline &  Loritta  Trunk,,lorittasfilipinoand Antarticgroceries@snanil.zoo,1845,600674,56,Spring Square,HALLAM,VIC,3803,,03-9392-4949,,0439-411-434
