<?xml version="1.0" encoding="UTF-8"?>
<XML_DOC><Customers><CUSTOMERID>8</CUSTOMERID><FIRSTNAME>Penny</FIRSTNAME><LASTNAME>Renton</LASTNAME><ADDRESS>242 Prince St Strathfield 2135</ADDRESS></Customers><Customers><CUSTOMERID>18</CUSTOMERID><FIRSTNAME>Whitney</FIRSTNAME><LASTNAME>Lockyer</LASTNAME><ADDRESS>858 Gilroy St Taren Point 2229</ADDRESS></Customers><Customers><CUSTOMERID>22</CUSTOMERID><FIRSTNAME>Keith</FIRSTNAME><LASTNAME>Marley</LASTNAME><ADDRESS>112 Cary St St Ives 2075</ADDRESS></Customers><Customers><CUSTOMERID>27</CUSTOMERID><FIRSTNAME>Adrian</FIRSTNAME><LASTNAME>Evans</LASTNAME><ADDRESS>64 Union St Lugarno 2210</ADDRESS></Customers><Customers><CUSTOMERID>46</CUSTOMERID><FIRSTNAME>Scott</FIRSTNAME><LASTNAME>Pryde</LASTNAME><ADDRESS>477 Cook Ave Randwick 2031</ADDRESS></Customers><Customers><CUSTOMERID>48</CUSTOMERID><FIRSTNAME>Ferdinand</FIRSTNAME><LASTNAME>Webbe</LASTNAME><ADDRESS>222 Lancaster Rd Yowie Bay 2228</ADDRESS></Customers><Customers><CUSTOMERID>55</CUSTOMERID><FIRSTNAME>Domenic</FIRSTNAME><LASTNAME>Tenton</LASTNAME><ADDRESS>731 Ivy Rd St Leonards 2065</ADDRESS></Customers><Customers><CUSTOMERID>60</CUSTOMERID><FIRSTNAME>Moira</FIRSTNAME><LASTNAME>Wyles</LASTNAME><ADDRESS>407 Bosco St Haymarket 2000</ADDRESS></Customers><Customers><CUSTOMERID>61</CUSTOMERID><FIRSTNAME>Brodie</FIRSTNAME><LASTNAME>Pollack</LASTNAME><ADDRESS>685 Verona St East Killara 2071</ADDRESS></Customers><Customers><CUSTOMERID>68</CUSTOMERID><FIRSTNAME>Vincent</FIRSTNAME><LASTNAME>Loder</LASTNAME><ADDRESS>40 Bowns Drv Epping 2121</ADDRESS></Customers><Customers><CUSTOMERID>69</CUSTOMERID><FIRSTNAME>Edwin</FIRSTNAME><LASTNAME>Morant</LASTNAME><ADDRESS>348 Hunt St Moorebank 2170</ADDRESS></Customers><Customers><CUSTOMERID>70</CUSTOMERID><FIRSTNAME>Emilio</FIRSTNAME><LASTNAME>Hynes</LASTNAME><ADDRESS>194 Stapleton St Woodpark 2164</ADDRESS></Customers><Customers><CUSTOMERID>74</CUSTOMERID><FIRSTNAME>Miranda</FIRSTNAME><LASTNAME>Bronson</LASTNAME><ADDRESS>539 Croft St Glen Alpine 2560</ADDRESS></Customers><Customers><CUSTOMERID>78</CUSTOMERID><FIRSTNAME>Hilda</FIRSTNAME><LASTNAME>Ewart</LASTNAME><ADDRESS>943 Bigge St Westmead 2145</ADDRESS></Customers><Customers><CUSTOMERID>95</CUSTOMERID><FIRSTNAME>Kim</FIRSTNAME><LASTNAME>Deco</LASTNAME><ADDRESS>137 Star Drv Seaforth 2092</ADDRESS></Customers><Customers><CUSTOMERID>101</CUSTOMERID><FIRSTNAME>Melvin</FIRSTNAME><LASTNAME>Mainwright</LASTNAME><ADDRESS>190 Fourth Ave Roseville 2069</ADDRESS></Customers><Customers><CUSTOMERID>109</CUSTOMERID><FIRSTNAME>Stephen</FIRSTNAME><LASTNAME>Winsor</LASTNAME><ADDRESS>72 Wharf Rd Airds 2560</ADDRESS></Customers><Customers><CUSTOMERID>110</CUSTOMERID><FIRSTNAME>Aaron</FIRSTNAME><LASTNAME>Kewell</LASTNAME><ADDRESS>841 Bristol St Blacktown 2148</ADDRESS></Customers><Customers><CUSTOMERID>124</CUSTOMERID><FIRSTNAME>Otis</FIRSTNAME><LASTNAME>Hall</LASTNAME><ADDRESS>208 Waterford Rd Glebe 2037</ADDRESS></Customers><Customers><CUSTOMERID>133</CUSTOMERID><FIRSTNAME>Becky</FIRSTNAME><LASTNAME>Timmins</LASTNAME><ADDRESS>434 Deakin St Emu Plains 2750</ADDRESS></Customers><Customers><CUSTOMERID>182</CUSTOMERID><FIRSTNAME>Ariana</FIRSTNAME><LASTNAME>Jackson</LASTNAME><ADDRESS>665 Hampton Rd Panania 2213</ADDRESS></Customers><Customers><CUSTOMERID>183</CUSTOMERID><FIRSTNAME>Leopold</FIRSTNAME><LASTNAME>Crow</LASTNAME><ADDRESS>351 Cash Plc Beecroft 2119</ADDRESS></Customers><Customers><CUSTOMERID>191</CUSTOMERID><FIRSTNAME>Ulla</FIRSTNAME><LASTNAME>Cooper</LASTNAME><ADDRESS>895 Steele St Gymea 2227</ADDRESS></Customers><Customers><CUSTOMERID>201</CUSTOMERID><FIRSTNAME>Alexandra</FIRSTNAME><LASTNAME>Rolls</LASTNAME><ADDRESS>616 Osborn Rd Chatswood 2067</ADDRESS></Customers><Customers><CUSTOMERID>204</CUSTOMERID><FIRSTNAME>Wilfred</FIRSTNAME><LASTNAME>Morgan</LASTNAME><ADDRESS>629 Ivory Rd Burwood 2134</ADDRESS></Customers><Customers><CUSTOMERID>205</CUSTOMERID><FIRSTNAME>Anita</FIRSTNAME><LASTNAME>Wordsworth</LASTNAME><ADDRESS>107 Highgate St Neutral Bay 2089</ADDRESS></Customers><Customers><CUSTOMERID>210</CUSTOMERID><FIRSTNAME>Alf</FIRSTNAME><LASTNAME>Fitzwilliam</LASTNAME><ADDRESS>520 Carlton St Hoxton Park 2171</ADDRESS></Customers><Customers><CUSTOMERID>214</CUSTOMERID><FIRSTNAME>Kevin</FIRSTNAME><LASTNAME>Lennon</LASTNAME><ADDRESS>838 Waratah St West Ryde 2114</ADDRESS></Customers><Customers><CUSTOMERID>218</CUSTOMERID><FIRSTNAME>Hubert</FIRSTNAME><LASTNAME>Belmont</LASTNAME><ADDRESS>719 Pedder Ave Clontarf 2098</ADDRESS></Customers><Customers><CUSTOMERID>226</CUSTOMERID><FIRSTNAME>Fay</FIRSTNAME><LASTNAME>Masters</LASTNAME><ADDRESS>772 Cope Ave Vaucluse 2030</ADDRESS></Customers><Customers><CUSTOMERID>230</CUSTOMERID><FIRSTNAME>Helmut</FIRSTNAME><LASTNAME>Drake</LASTNAME><ADDRESS>619 Miami Crs The Rocks 2000</ADDRESS></Customers><Customers><CUSTOMERID>260</CUSTOMERID><FIRSTNAME>Kerry</FIRSTNAME><LASTNAME>Ridley</LASTNAME><ADDRESS>698 Temple St Villawood 2163</ADDRESS></Customers><Customers><CUSTOMERID>269</CUSTOMERID><FIRSTNAME>Yolanda</FIRSTNAME><LASTNAME>Hull</LASTNAME><ADDRESS>190 Jarrah St Mosman 2088</ADDRESS></Customers><Customers><CUSTOMERID>277</CUSTOMERID><FIRSTNAME>Miranda</FIRSTNAME><LASTNAME>Lyman</LASTNAME><ADDRESS>779 Bickell St Schofields 2762</ADDRESS></Customers><Customers><CUSTOMERID>294</CUSTOMERID><FIRSTNAME>Keryn</FIRSTNAME><LASTNAME>Ormond</LASTNAME><ADDRESS>871 Franklyn St Redfern 2016</ADDRESS></Customers></XML_DOC>
