<?xml version="1.0" encoding="UTF-8"?>
<XML_DOC><PhoneNumbers><CUSTOMERID>8</CUSTOMERID><ADDRESS>242 Prince St Strathfield 2135</ADDRESS><PHONENUMBER>298525181</PHONENUMBER></PhoneNumbers><PhoneNumbers><CUSTOMERID>18</CUSTOMERID><ADDRESS>858 Gilroy St Taren Point 2229</ADDRESS><PHONENUMBER>293240258</PHONENUMBER></PhoneNumbers><PhoneNumbers><CUSTOMERID>18</CUSTOMERID><ADDRESS>858 Gilroy St Taren Point 2229</ADDRESS><PHONENUMBER>295808886</PHONENUMBER></PhoneNumbers><PhoneNumbers><CUSTOMERID>22</CUSTOMERID><ADDRESS>112 Cary St St Ives 2075</ADDRESS><PHONENUMBER>297203000</PHONENUMBER></PhoneNumbers><PhoneNumbers><CUSTOMERID>22</CUSTOMERID><ADDRESS>112 Cary St St Ives 2075</ADDRESS><PHONENUMBER>297207811</PHONENUMBER></PhoneNumbers><PhoneNumbers><CUSTOMERID>22</CUSTOMERID><ADDRESS>112 Cary St St Ives 2075</ADDRESS><PHONENUMBER>298317177</PHONENUMBER></PhoneNumbers><PhoneNumbers><CUSTOMERID>27</CUSTOMERID><ADDRESS>64 Union St Lugarno 2210</ADDRESS><PHONENUMBER>293564461</PHONENUMBER></PhoneNumbers><PhoneNumbers><CUSTOMERID>27</CUSTOMERID><ADDRESS>64 Union St Lugarno 2210</ADDRESS><PHONENUMBER>296616427</PHONENUMBER></PhoneNumbers><PhoneNumbers><CUSTOMERID>27</CUSTOMERID><ADDRESS>64 Union St Lugarno 2210</ADDRESS><PHONENUMBER>297828348</PHONENUMBER></PhoneNumbers><PhoneNumbers><CUSTOMERID>27</CUSTOMERID><ADDRESS>64 Union St Lugarno 2210</ADDRESS><PHONENUMBER>298166312</PHONENUMBER></PhoneNumbers><PhoneNumbers><CUSTOMERID>46</CUSTOMERID><ADDRESS>477 Cook Ave Randwick 2031</ADDRESS><PHONENUMBER>290705528</PHONENUMBER></PhoneNumbers><PhoneNumbers><CUSTOMERID>48</CUSTOMERID><ADDRESS>222 Lancaster Rd Yowie Bay 2228</ADDRESS><PHONENUMBER>294125263</PHONENUMBER></PhoneNumbers><PhoneNumbers><CUSTOMERID>48</CUSTOMERID><ADDRESS>222 Lancaster Rd Yowie Bay 2228</ADDRESS><PHONENUMBER>298517065</PHONENUMBER></PhoneNumbers><PhoneNumbers><CUSTOMERID>55</CUSTOMERID><ADDRESS>731 Ivy Rd St Leonards 2065</ADDRESS><PHONENUMBER>292224522</PHONENUMBER></PhoneNumbers><PhoneNumbers><CUSTOMERID>55</CUSTOMERID><ADDRESS>731 Ivy Rd St Leonards 2065</ADDRESS><PHONENUMBER>294705183</PHONENUMBER></PhoneNumbers><PhoneNumbers><CUSTOMERID>55</CUSTOMERID><ADDRESS>731 Ivy Rd St Leonards 2065</ADDRESS><PHONENUMBER>297731146</PHONENUMBER></PhoneNumbers><PhoneNumbers><CUSTOMERID>60</CUSTOMERID><ADDRESS>407 Bosco St Haymarket 2000</ADDRESS><PHONENUMBER>290440132</PHONENUMBER></PhoneNumbers><PhoneNumbers><CUSTOMERID>60</CUSTOMERID><ADDRESS>407 Bosco St Haymarket 2000</ADDRESS><PHONENUMBER>291750245</PHONENUMBER></PhoneNumbers><PhoneNumbers><CUSTOMERID>60</CUSTOMERID><ADDRESS>407 Bosco St Haymarket 2000</ADDRESS><PHONENUMBER>298507017</PHONENUMBER></PhoneNumbers><PhoneNumbers><CUSTOMERID>60</CUSTOMERID><ADDRESS>407 Bosco St Haymarket 2000</ADDRESS><PHONENUMBER>298874667</PHONENUMBER></PhoneNumbers><PhoneNumbers><CUSTOMERID>61</CUSTOMERID><ADDRESS>685 Verona St East Killara 2071</ADDRESS><PHONENUMBER>298554576</PHONENUMBER></PhoneNumbers><PhoneNumbers><CUSTOMERID>68</CUSTOMERID><ADDRESS>40 Bowns Drv Epping 2121</ADDRESS><PHONENUMBER>293501301</PHONENUMBER></PhoneNumbers><PhoneNumbers><CUSTOMERID>68</CUSTOMERID><ADDRESS>40 Bowns Drv Epping 2121</ADDRESS><PHONENUMBER>294401656</PHONENUMBER></PhoneNumbers><PhoneNumbers><CUSTOMERID>69</CUSTOMERID><ADDRESS>348 Hunt St Moorebank 2170</ADDRESS><PHONENUMBER>293014832</PHONENUMBER></PhoneNumbers><PhoneNumbers><CUSTOMERID>69</CUSTOMERID><ADDRESS>348 Hunt St Moorebank 2170</ADDRESS><PHONENUMBER>293517854</PHONENUMBER></PhoneNumbers><PhoneNumbers><CUSTOMERID>69</CUSTOMERID><ADDRESS>348 Hunt St Moorebank 2170</ADDRESS><PHONENUMBER>298435420</PHONENUMBER></PhoneNumbers><PhoneNumbers><CUSTOMERID>70</CUSTOMERID><ADDRESS>194 Stapleton St Woodpark 2164</ADDRESS><PHONENUMBER>290877157</PHONENUMBER></PhoneNumbers><PhoneNumbers><CUSTOMERID>70</CUSTOMERID><ADDRESS>194 Stapleton St Woodpark 2164</ADDRESS><PHONENUMBER>295022174</PHONENUMBER></PhoneNumbers><PhoneNumbers><CUSTOMERID>70</CUSTOMERID><ADDRESS>194 Stapleton St Woodpark 2164</ADDRESS><PHONENUMBER>297658770</PHONENUMBER></PhoneNumbers><PhoneNumbers><CUSTOMERID>70</CUSTOMERID><ADDRESS>194 Stapleton St Woodpark 2164</ADDRESS><PHONENUMBER>298788175</PHONENUMBER></PhoneNumbers><PhoneNumbers><CUSTOMERID>74</CUSTOMERID><ADDRESS>539 Croft St Glen Alpine 2560</ADDRESS><PHONENUMBER>291161254</PHONENUMBER></PhoneNumbers><PhoneNumbers><CUSTOMERID>78</CUSTOMERID><ADDRESS>943 Bigge St Westmead 2145</ADDRESS><PHONENUMBER>292814883</PHONENUMBER></PhoneNumbers><PhoneNumbers><CUSTOMERID>78</CUSTOMERID><ADDRESS>943 Bigge St Westmead 2145</ADDRESS><PHONENUMBER>294543353</PHONENUMBER></PhoneNumbers><PhoneNumbers><CUSTOMERID>95</CUSTOMERID><ADDRESS>137 Star Drv Seaforth 2092</ADDRESS><PHONENUMBER>292642541</PHONENUMBER></PhoneNumbers><PhoneNumbers><CUSTOMERID>95</CUSTOMERID><ADDRESS>137 Star Drv Seaforth 2092</ADDRESS><PHONENUMBER>293132575</PHONENUMBER></PhoneNumbers><PhoneNumbers><CUSTOMERID>95</CUSTOMERID><ADDRESS>137 Star Drv Seaforth 2092</ADDRESS><PHONENUMBER>294780332</PHONENUMBER></PhoneNumbers><PhoneNumbers><CUSTOMERID>101</CUSTOMERID><ADDRESS>190 Fourth Ave Roseville 2069</ADDRESS><PHONENUMBER>290576638</PHONENUMBER></PhoneNumbers><PhoneNumbers><CUSTOMERID>101</CUSTOMERID><ADDRESS>190 Fourth Ave Roseville 2069</ADDRESS><PHONENUMBER>292475487</PHONENUMBER></PhoneNumbers><PhoneNumbers><CUSTOMERID>101</CUSTOMERID><ADDRESS>190 Fourth Ave Roseville 2069</ADDRESS><PHONENUMBER>298730062</PHONENUMBER></PhoneNumbers><PhoneNumbers><CUSTOMERID>101</CUSTOMERID><ADDRESS>190 Fourth Ave Roseville 2069</ADDRESS><PHONENUMBER>298748268</PHONENUMBER></PhoneNumbers><PhoneNumbers><CUSTOMERID>109</CUSTOMERID><ADDRESS>72 Wharf Rd Airds 2560</ADDRESS><PHONENUMBER>292030221</PHONENUMBER></PhoneNumbers><PhoneNumbers><CUSTOMERID>110</CUSTOMERID><ADDRESS>841 Bristol St Blacktown 2148</ADDRESS><PHONENUMBER>290753120</PHONENUMBER></PhoneNumbers><PhoneNumbers><CUSTOMERID>110</CUSTOMERID><ADDRESS>841 Bristol St Blacktown 2148</ADDRESS><PHONENUMBER>292538853</PHONENUMBER></PhoneNumbers><PhoneNumbers><CUSTOMERID>124</CUSTOMERID><ADDRESS>208 Waterford Rd Glebe 2037</ADDRESS><PHONENUMBER>290504734</PHONENUMBER></PhoneNumbers><PhoneNumbers><CUSTOMERID>124</CUSTOMERID><ADDRESS>208 Waterford Rd Glebe 2037</ADDRESS><PHONENUMBER>292404488</PHONENUMBER></PhoneNumbers><PhoneNumbers><CUSTOMERID>124</CUSTOMERID><ADDRESS>208 Waterford Rd Glebe 2037</ADDRESS><PHONENUMBER>296720524</PHONENUMBER></PhoneNumbers><PhoneNumbers><CUSTOMERID>133</CUSTOMERID><ADDRESS>434 Deakin St Emu Plains 2750</ADDRESS><PHONENUMBER>290477577</PHONENUMBER></PhoneNumbers><PhoneNumbers><CUSTOMERID>133</CUSTOMERID><ADDRESS>434 Deakin St Emu Plains 2750</ADDRESS><PHONENUMBER>292735043</PHONENUMBER></PhoneNumbers><PhoneNumbers><CUSTOMERID>133</CUSTOMERID><ADDRESS>434 Deakin St Emu Plains 2750</ADDRESS><PHONENUMBER>293587118</PHONENUMBER></PhoneNumbers><PhoneNumbers><CUSTOMERID>133</CUSTOMERID><ADDRESS>434 Deakin St Emu Plains 2750</ADDRESS><PHONENUMBER>297513864</PHONENUMBER></PhoneNumbers><PhoneNumbers><CUSTOMERID>182</CUSTOMERID><ADDRESS>665 Hampton Rd Panania 2213</ADDRESS><PHONENUMBER>298475351</PHONENUMBER></PhoneNumbers><PhoneNumbers><CUSTOMERID>183</CUSTOMERID><ADDRESS>351 Cash Plc Beecroft 2119</ADDRESS><PHONENUMBER>292315647</PHONENUMBER></PhoneNumbers><PhoneNumbers><CUSTOMERID>183</CUSTOMERID><ADDRESS>351 Cash Plc Beecroft 2119</ADDRESS><PHONENUMBER>297680880</PHONENUMBER></PhoneNumbers><PhoneNumbers><CUSTOMERID>191</CUSTOMERID><ADDRESS>895 Steele St Gymea 2227</ADDRESS><PHONENUMBER>291211448</PHONENUMBER></PhoneNumbers><PhoneNumbers><CUSTOMERID>191</CUSTOMERID><ADDRESS>895 Steele St Gymea 2227</ADDRESS><PHONENUMBER>292418402</PHONENUMBER></PhoneNumbers><PhoneNumbers><CUSTOMERID>191</CUSTOMERID><ADDRESS>895 Steele St Gymea 2227</ADDRESS><PHONENUMBER>293208304</PHONENUMBER></PhoneNumbers><PhoneNumbers><CUSTOMERID>201</CUSTOMERID><ADDRESS>616 Osborn Rd Chatswood 2067</ADDRESS><PHONENUMBER>290826803</PHONENUMBER></PhoneNumbers><PhoneNumbers><CUSTOMERID>201</CUSTOMERID><ADDRESS>616 Osborn Rd Chatswood 2067</ADDRESS><PHONENUMBER>294024375</PHONENUMBER></PhoneNumbers><PhoneNumbers><CUSTOMERID>201</CUSTOMERID><ADDRESS>616 Osborn Rd Chatswood 2067</ADDRESS><PHONENUMBER>296736684</PHONENUMBER></PhoneNumbers><PhoneNumbers><CUSTOMERID>201</CUSTOMERID><ADDRESS>616 Osborn Rd Chatswood 2067</ADDRESS><PHONENUMBER>298588806</PHONENUMBER></PhoneNumbers><PhoneNumbers><CUSTOMERID>204</CUSTOMERID><ADDRESS>629 Ivory Rd Burwood 2134</ADDRESS><PHONENUMBER>297276168</PHONENUMBER></PhoneNumbers><PhoneNumbers><CUSTOMERID>205</CUSTOMERID><ADDRESS>107 Highgate St Neutral Bay 2089</ADDRESS><PHONENUMBER>294732845</PHONENUMBER></PhoneNumbers><PhoneNumbers><CUSTOMERID>205</CUSTOMERID><ADDRESS>107 Highgate St Neutral Bay 2089</ADDRESS><PHONENUMBER>298064031</PHONENUMBER></PhoneNumbers><PhoneNumbers><CUSTOMERID>210</CUSTOMERID><ADDRESS>520 Carlton St Hoxton Park 2171</ADDRESS><PHONENUMBER>292558024</PHONENUMBER></PhoneNumbers><PhoneNumbers><CUSTOMERID>210</CUSTOMERID><ADDRESS>520 Carlton St Hoxton Park 2171</ADDRESS><PHONENUMBER>293353066</PHONENUMBER></PhoneNumbers><PhoneNumbers><CUSTOMERID>210</CUSTOMERID><ADDRESS>520 Carlton St Hoxton Park 2171</ADDRESS><PHONENUMBER>295243165</PHONENUMBER></PhoneNumbers><PhoneNumbers><CUSTOMERID>214</CUSTOMERID><ADDRESS>838 Waratah St West Ryde 2114</ADDRESS><PHONENUMBER>296530665</PHONENUMBER></PhoneNumbers><PhoneNumbers><CUSTOMERID>214</CUSTOMERID><ADDRESS>838 Waratah St West Ryde 2114</ADDRESS><PHONENUMBER>297540076</PHONENUMBER></PhoneNumbers><PhoneNumbers><CUSTOMERID>214</CUSTOMERID><ADDRESS>838 Waratah St West Ryde 2114</ADDRESS><PHONENUMBER>298040051</PHONENUMBER></PhoneNumbers><PhoneNumbers><CUSTOMERID>214</CUSTOMERID><ADDRESS>838 Waratah St West Ryde 2114</ADDRESS><PHONENUMBER>293661067</PHONENUMBER></PhoneNumbers><PhoneNumbers><CUSTOMERID>218</CUSTOMERID><ADDRESS>719 Pedder Ave Clontarf 2098</ADDRESS><PHONENUMBER>290318501</PHONENUMBER></PhoneNumbers><PhoneNumbers><CUSTOMERID>226</CUSTOMERID><ADDRESS>772 Cope Ave Vaucluse 2030</ADDRESS><PHONENUMBER>292080505</PHONENUMBER></PhoneNumbers><PhoneNumbers><CUSTOMERID>226</CUSTOMERID><ADDRESS>772 Cope Ave Vaucluse 2030</ADDRESS><PHONENUMBER>297758065</PHONENUMBER></PhoneNumbers><PhoneNumbers><CUSTOMERID>230</CUSTOMERID><ADDRESS>619 Miami Crs The Rocks 2000</ADDRESS><PHONENUMBER>290363454</PHONENUMBER></PhoneNumbers><PhoneNumbers><CUSTOMERID>230</CUSTOMERID><ADDRESS>619 Miami Crs The Rocks 2000</ADDRESS><PHONENUMBER>293652160</PHONENUMBER></PhoneNumbers><PhoneNumbers><CUSTOMERID>230</CUSTOMERID><ADDRESS>619 Miami Crs The Rocks 2000</ADDRESS><PHONENUMBER>293702650</PHONENUMBER></PhoneNumbers><PhoneNumbers><CUSTOMERID>260</CUSTOMERID><ADDRESS>698 Temple St Villawood 2163</ADDRESS><PHONENUMBER>290451141</PHONENUMBER></PhoneNumbers><PhoneNumbers><CUSTOMERID>260</CUSTOMERID><ADDRESS>698 Temple St Villawood 2163</ADDRESS><PHONENUMBER>291466501</PHONENUMBER></PhoneNumbers><PhoneNumbers><CUSTOMERID>260</CUSTOMERID><ADDRESS>698 Temple St Villawood 2163</ADDRESS><PHONENUMBER>292287868</PHONENUMBER></PhoneNumbers><PhoneNumbers><CUSTOMERID>260</CUSTOMERID><ADDRESS>698 Temple St Villawood 2163</ADDRESS><PHONENUMBER>296462366</PHONENUMBER></PhoneNumbers><PhoneNumbers><CUSTOMERID>269</CUSTOMERID><ADDRESS>190 Jarrah St Mosman 2088</ADDRESS><PHONENUMBER>293382218</PHONENUMBER></PhoneNumbers><PhoneNumbers><CUSTOMERID>277</CUSTOMERID><ADDRESS>779 Bickell St Schofields 2762</ADDRESS><PHONENUMBER>292338368</PHONENUMBER></PhoneNumbers><PhoneNumbers><CUSTOMERID>277</CUSTOMERID><ADDRESS>779 Bickell St Schofields 2762</ADDRESS><PHONENUMBER>295445526</PHONENUMBER></PhoneNumbers><PhoneNumbers><CUSTOMERID>294</CUSTOMERID><ADDRESS>871 Franklyn St Redfern 2016</ADDRESS><PHONENUMBER>290638437</PHONENUMBER></PhoneNumbers><PhoneNumbers><CUSTOMERID>294</CUSTOMERID><ADDRESS>871 Franklyn St Redfern 2016</ADDRESS><PHONENUMBER>297823633</PHONENUMBER></PhoneNumbers><PhoneNumbers><CUSTOMERID>294</CUSTOMERID><ADDRESS>871 Franklyn St Redfern 2016</ADDRESS><PHONENUMBER>298202365</PHONENUMBER></PhoneNumbers></XML_DOC>
