CustomerID,FirstName,LastName,Address
8,Penny,Renton,242 Prince St Strathfield 2135
18,Whitney,Lockyer,858 Gilroy St Taren Point 2229
22,Keith,Marley,112 Cary St St Ives 2075
27,Adrian,Evans,64 Union St Lugarno 2210
46,Scott,Pryde,477 Cook Ave Randwick 2031
48,Ferdinand,Webbe,222 Lancaster Rd Yowie Bay 2228
55,Domenic,Tenton,731 Ivy Rd St Leonards 2065
60,Moira,Wyles,407 Bosco St Haymarket 2000
61,Brodie,Pollack,685 Verona St East Killara 2071
68,Vincent,Loder,40 Bowns Drv Epping 2121
69,Edwin,Morant,348 Hunt St Moorebank 2170
70,Emilio,Hynes,194 Stapleton St Woodpark 2164
74,Miranda,Bronson,539 Croft St Glen Alpine 2560
78,Hilda,Ewart,943 Bigge St Westmead 2145
95,Kim,Deco,137 Star Drv Seaforth 2092
101,Melvin,Mainwright,190 Fourth Ave Roseville 2069
109,Stephen,Winsor,72 Wharf Rd Airds 2560
110,Aaron,Kewell,841 Bristol St Blacktown 2148
124,Otis,Hall,208 Waterford Rd Glebe 2037
133,Becky,Timmins,434 Deakin St Emu Plains 2750
182,Ariana,Jackson,665 Hampton Rd Panania 2213
183,Leopold,Crow,351 Cash Plc Beecroft 2119
191,Ulla,Cooper,895 Steele St Gymea 2227
201,Alexandra,Rolls,616 Osborn Rd Chatswood 2067
204,Wilfred,Morgan,629 Ivory Rd Burwood 2134
205,Anita,Wordsworth,107 Highgate St Neutral Bay 2089
210,Alf,Fitzwilliam,520 Carlton St Hoxton Park 2171
214,Kevin,Lennon,838 Waratah St West Ryde 2114
218,Hubert,Belmont,719 Pedder Ave Clontarf 2098
226,Fay,Masters,772 Cope Ave Vaucluse 2030
230,Helmut,Drake,619 Miami Crs The Rocks 2000
260,Kerry,Ridley,698 Temple St Villawood 2163
269,Yolanda,Hull,190 Jarrah St Mosman 2088
277,Miranda,Lyman,779 Bickell St Schofields 2762
294,Keryn,Ormond,871 Franklyn St Redfern 2016
307,Layla,Fraser,838 Byrd Rd Eastwood 2122
316,Beth,Bower,273 Plover St Granville 2142
319,Umberto,Prescott,122 Dells Rd Revesby 2212
320,Fatima,Walker,199 Lavender St Wiley Park 2195
326,Alexandra,King,406 Bush Rd Blakehurst 2221
332,Olga,Plater,158 Monash St Ultimo 2007
335,Anna,Matthews,718 Ilka St Curl Curl 2096
339,Ollie,Pearce,787 Lions Rd Kirrawee 2232
342,Anabel,Matthews,92 Patons Rd Fairfield 2165
349,David,Bush,854 Dening St Edgecliff 2027
356,Debra,Kidman,154 Leicester St Vineyard 2765
363,Demi,Forbes,4 Regatta Rd Bondi 2026
380,Catherine,Drummer,662 Dunn Rd Five Dock 2046
396,Chantal,Biggins,539 Moth St Kingsgrove 2208
406,Alexis,Taylor,859 Eloora St Millers Point 2000
407,Nina,Cook,455 Fairway Ave Glenwood 2768
435,Calypso,Wallis,154 Bennett Rd Dee Why 2099
438,Leopold,Moretti,250 Vine Rd Beverly Hills 2209
441,Willy,Putnam,3 Urunga Rd Waverton 2060
448,Brandon,Abbey,648 Cleal St Georges Hall 2198
460,Myra,Merlin,170 West St Rodd Point 2046
470,Clay,Benton,32 Fort St Wollstonecraft 2075
471,Gene,Trunks,664 Long St Woolwich 2110
484,Ricardo,Moseley,24 Bayview Drv Gordon 2072
487,Benny,McCall,937 Crescent St Parramatta 2150
491,Chantal,Broughton,891 Gill Rd Chiswick 2046
495,Kay,Baird,59 Brodie St Sans Souci 2219
496,Melody,Royce,312 Bella St Hurlstone Park 2193
500,Florence,Cartwright,37 Sutton Rd Palm Beach 2108
504,Martha,Cosworth,183 Mack St Cammeray 2062
506,Theodore,Irwin,897 Wicks Rd North Ryde 2113
508,Graham,Potts,462 Hunter Rd Dover Heights 2030
512,Max,Pastor,9 Sheppard St Paddington 2021
520,Ian,Kramer,277 Salisbury Rd Canterbury 2193
528,Donna,Melrose,137 Jet St Sydney 2000
533,Teresa,Royal,634 First Ave Cabarita 2137
537,Ulla,Cullen,221 Tallow Rd Belrose 2085
546,Carlo,Mercer,606 Farr St Cronulla 2230
561,Ariel,Cantwell,708 Prospect Rd Dolans Bay 2229
565,Aliki,Castle,974 Brown Rd Zetland 2017
573,Aldo,Royal,691 Namoi Rd Collaroy 2097
579,Daniella,Shell,481 Empress St Sefton 2162
586,Kirsty,Brown,976 Rose St Raby 2566
588,Clay,Monroe,163 Croydon Rd Hunters Hill 2110
589,Lilian,Lord,788 Claremont Rd Cambelltown 2560
592,Ava,Burgess,254 Harcourt St Yagoona 2199
594,Lutetia,Fairfax,27 Neptune St Daceyville 2032
601,Winifred,Conlan,984 Blossom St Rhodes 2138
605,Minnie,Drury,966 Cramer St Liverpool 2170
622,Bob,Tanner,708 Lock St Hurstville 2220
624,Trevor,Martin,33 Minna St Haberfield 2045
625,Gavin,Charlotte,369 Seville Drv Lakemba 2195
627,Roger,Overton,977 Downes Ave Castle Hill 2154
635,Jonas,Henderson,769 Water St Double Bay 2028
638,Roland,Milton,275 Haig Rd East Hills 2213
659,Grace,Chalmers,683 Marist St Engadine 2233
675,Mitch,Gates,206 Highfield Drv Lane Cove 2066
693,Adele,Connor,917 Ocean St Henley 2111
702,Myrtle,Lawrence,603 Kingsland Rd Elizabeth Bay 2011
726,Kristina,Barber,219 Ellim Ave Bankstown 2200
729,Cassandra,Bingley,83 Harbour St Sutherland 2232
741,Cassie,Christie,882 Prince Drv Avalon 2107
768,Bonnie,Culloden,386 Grassmere Rd Woronora 2232
770,Gillian,Brennan,135 Cartway Ave Wynyard 2000
773,Wednesday,Moretti,708 Palmyra Rd Rockdale 2216
787,Casper,Goldsmith,508 Citrus Drv Springwod 2777
790,Drew,Symes,249 Premier Ave Rose Bay 2029
791,Carol,Packard,322 Darwin Rd Cromer 2099
792,Arthur,Sommers,149 Falcon St Homebush 2140
794,Nola,Hynes,880 Boola Ave Mona Vale 2103
808,Clem,Totti,140 Telford St Banksia 2216
810,Noel,Abbot,944 Best St Dolls Point 2219
813,Jenna,Duff,46 Marlo Ave Richmond 2753
817,Jedro,Wheeler,71 United Ave Thornleigh 2120
831,Venus,Lister,535 Astral St Greenacre 2190
846,Timothy,Filmore,620 Harcher St Enfield 2136
860,Ricardo,Rich,475 George St Clovelly 2031
868,Darcy,Burns,136 Waterside Rd Windsor 2756
870,Lena,Drummond,808 Bartley Ave St Marys 2760
874,Shelly,Vas,492 Vernon St Wisemans Ferry 2775
878,Eloise,Wyndham,229 Tower Rd Greenwich 2065
883,Andrew,Putnam,192 Stanley Rd Box Hill 2765
890,Bertha,Wagner,85 Waterfall Drv Emerton 2770
903,Lee,Shell,661 Prout St Ashfield 2131
904,Pascal,Lombard,932 Governor Drv Whalan 2770
911,Khalid,Elwood,702 Hancock Plc Penrith 2750
913,Jake,Woodward,113 Market St Stanmore 2048
914,Lucy,Piper,728 New St Hoxton park 2171
932,Shirley,Cave,679 Mayfield Ave Cowan 2081
938,Janice,Millworth,331 Prescott St Berowra 2081
940,Alexia,Newman,946 Victory St Waterloo 2017
949,Christopher,Web,419 Mowbray Rd Heathcote 2233
962,Dana,Barwick,96 Cahill St Narellan 2567
980,Robyn,Carter,962 Lantana Rd Padstow 2211
992,Otis,Miller,501 Myall Rd Frenchs Forest 2086
1012,Charlie,Rowan,531 Paradise Drv Bundeena 2230
1017,Eduardo,Towers,18 Elk St Ryde 2112
1025,Nestor,Symes,756 Exley St Glenmore 2570
1035,Kay,Piper,266 Woods St Enmore 2042
1050,Hamish,Flynn,686 Clarence St North Sydney 2060
1052,Ted,Ritchie,188 Clara Rd Riverwood 2210
1069,Herb,Wagner,347 Truscott St Kurrajong 2758
1084,Brendan,Dover,726 Redleaf Ave Como 2226
1092,Mel,Gilmore,625 Mann St Waitara 2077
1097,Annette,Whistler,664 Newington St Eastgardens 2036
1117,Angela,Borbe,539 Wheat Ave Turrella 2205
1128,Ingrid,Feldman,285 Blake Rd Castlecrag 2068
1131,Belinda,Bray,22 Sandy Drv Canada Bay 2046
1136,Victoria,Burton,836 Berry St Illawong 2234
1147,Dina,Hudson,118 Binda Ave Campsie 2194
1156,Petal,Restwell,745 Liberty St Springwood 2777
1160,William,Truman,65 Star Crs Cattai 2576
1161,Khalid,Melrose,250 Paris St Dural 2158
1172,Julian,Brooks,622 Cass St Cremorne 2090
1175,Nigel,Brennan,634 Callow Rd Jannali 2226
1176,Cheryl,Bingham,270 Lady St Camden 2570
1187,Clay,Wallace,637 High Rd Coogee 2034
1192,Gilbert,Sparro,205 Sandal Crs Grays Point 2232
1193,Edmund,Penn,925 Garden Rd Concord 2137
1204,Anastasia,Quan,280 Palm Rd Mount Lewis 2190
1208,Quincy,Smith,839 Supply St Chester Hill 2162
1211,Des,Mead,931 Corella Rd Bringelly 2171
1214,Mandy,Shrimpton,955 Oakley St Ashbury 2193
1218,Esther,Ewens,627 Sultana St Summer Hill 2130
1253,Yolanda,Lennon,540 Shore St Queens Park 2022
1255,Brandon,Carter,114 Inwood Ave Balmain 2041
1261,Ralph,Foster,572 Oakham Rd Dundas 2117
1288,Herb,Smith,682 Calrendon Plc Bexley North 2207
1307,Norma,Kingston,972 Portland St Quakers Hill 2763
1316,Herbert,Wiley,571 Catalina St Bronte 2024
1327,Leon,Poulos,828 Dumas St Cottage Point 2084
1336,Anita,Roth,292 Jetty St Surry Hills 2010
1353,Millie,Poulos,40 Raleigh St Bondi Junction 2022
1356,Melody,Marney,889 Dorrigo St Allawah 2218
1358,Miriam,Flynn,754 Sanctuary Rd Harbord 2096
1381,Deborah,Wiley,833 Dempsey St Strathfield 2135
1393,Byron,Parkinson,508 Midway St Taren Point 2229
1395,Caroline,Weldon,68 Karool Rd St Ives 2075
1402,Patricia,Davidson,8 Dunbar Rd Lugarno 2210
1405,Judy,Barclay,658 Delaney St Randwick 2031
1417,Anastasia,Baron,186 Elgin Rd Yowie Bay 2228
1418,Leah,Clarence,148 Shade St St Leonards 2065
1443,Miguel,Oxley,458 Middle Rd Haymarket 2000
1449,Lana,Barnwell,181 Gray Rd East Killara 2071
1452,Pearl,Ormond,291 Bonner Rd Epping 2121
1455,Michelle,Proud,683 Port St Moorebank 2170
1467,Elliot,Lombard,981 Merlot St Woodpark 2164
1474,Lucy,Carpenter,81 Wandella St Glen Alpine 2560
1482,Anna,Woodward,393 Shortland St Westmead 2145
1486,Yolanda,Evans,168 Roberts Rd Seaforth 2092
1488,Stephanie,Chalmers,42 Samoa St Roseville 2069
1490,Megan,Kinsman,353 Kitchen St Airds 2560
1492,Chastity,Castle,626 Wray St Blacktown 2148
1495,Jan,Mackenzie,781 Gilpin Ave Glebe 2037
1509,Garth,Bennett,828 Gilmour Ave Emu Plains 2750
1512,Claire,Rothman,204 Crown St Panania 2213
1529,Whitney,Battlow,81 View St Beecroft 2119
1545,Marie,Fisher,45 Perwon Rd Gymea 2227
1546,Ronald,Finn,8 Valley Rd Chatswood 2067
1554,Reginald,Morse,12 Jockey St Burwood 2134
1557,Yolanda,Lawler,561 Maple St Neutral Bay 2089
1563,Keryn,Quinlan,272 Gillies Rd Hoxton Park 2171
1586,Katia,McComb,401 Deakin Rd West Ryde 2114
1620,Malcolm,Pringle,846 Dent St Clontarf 2098
1621,Noel,Lockwood,109 Trafalgar Ave Vaucluse 2030
1626,Nola,Morwell,906 Grand Ave The Rocks 2000
1628,Stephen,Boyd,91 Domain St Villawood 2163
1633,Kenneth,Lockwood,277 Deerwod St Mosman 2088
1649,Manuel,Proud,991 Net St Schofields 2762
1650,Poppy,Jarret,104 Lloyd St Redfern 2016
1655,Quincy,Tenton,817 Vista Drv Eastwood 2122
1662,Wilhelm,Denman,456 Fontaine St Granville 2142
1665,Hamish,Biggins,42 Lucas Rd Revesby 2212
1669,Nora,Ferris,192 Stark St Wiley Park 2195
1673,Joe,Pulman,646 Camelot Rd Blakehurst 2221
1679,Petal,Manning,709 Berry Ave Ultimo 2007
1730,Luther,Kendall,569 Batt Rd Curl Curl 2096
1733,Becky,Casey,827 Lear St Kirrawee 2232
1744,Abel,Benton,258 Board St Fairfield 2165
1756,Catherine,Horvarth,121 Melody St Edgecliff 2027
1759,Naomi,Rockwell,208 Hilly Pde Vineyard 2765
1764,Joseph,Woodman,998 Bond St Bondi 2026
1776,Elsa,Hatter,366 Kato St Five Dock 2046
1780,Brent,Corbett,849 Suncrest St Kingsgrove 2208
1783,Shane,Buchanan,429 Cedar St Millers Point 2000
1790,Marissa,Biggins,212 Potts St Glenwood 2768
1811,Tammy,Lane,88 Pricess St Dee Why 2099
1832,Jordan,Tyson,147 Lincoln Rd Beverly Hills 2209
1834,Inga,Swan,588 Madison Rd Waverton 2060
1835,Tina,Duke,478 Bow St Georges Hall 2198
1837,Lana,Spencer,299 Fraser Rd Rodd Point 2046
1840,Lance,Billington,333 Brumby Cls Wollstonecraft 2075
1843,Nicholas,Wilton,725 Koala Crs Woolwich 2110
1854,Inga,Conway,944 Park St Gordon 2072
1874,Esther,Gartner,278 Grey St Parramatta 2150
1881,Kay,Brewster,195 Gower St Chiswick 2046
1907,Marjorie,Vas,504 Short Rd Sans Souci 2219
1909,Linda,Barnsworth,310 Franklin St Hurlstone Park 2193
1914,Nino,Lukin,181 Panton Rd Palm Beach 2108
1922,Eloise,Li,555 Pentland St Cammeray 2062
1951,Esther,Osmond,981 Bidwill St North Ryde 2113
1958,Rachel,Williams,360 Deal Ave Dover Heights 2030
1976,Graeme,Tate,148 Rock St Paddington 2021
1978,Andre,Wellham,985 Spitfire Crs Canterbury 2193
1982,Mallory,Sutton,125 Buckland Rd Sydney 2000
1986,Pippa,Davidson,230 The Close Cabarita 2137
1988,Catherine,Whitfield,86 Walker Rd Belrose 2085
1992,Timothy,Moore,906 Prime St Cronulla 2230
1995,Desiree,Wakefiled,250 Gibb St Dolans Bay 2229
2005,Maximillian,Porter,270 Viola St Zetland 2017
2008,Kathy,Casey,422 Bayan Ave Collaroy 2097
2010,Kirsty,Clarence,556 Ettalong Rd Sefton 2162
2011,Max,Springer,791 Delta St Raby 2566
2017,Donald,Palmer,616 Crystal St Hunters Hill 2110
2024,Clarissa,Moreton,384 Morden Ave Cambelltown 2560
2025,Marla,Whitfield,562 Gilligans Rd Yagoona 2199
2036,Clyde,Roper,92 Parakeet Ave Daceyville 2032
2063,Anne,Withers,820 Way St Rhodes 2138
2070,Hilda,Quan,589 Shackel Ave Liverpool 2170
2082,Marla,Farrell,95 Ramsey St Hurstville 2220
2091,Irma,Clarendon,135 Clarkes Rd Haberfield 2045
2094,Victor,Quinn,151 Bobbin St Lakemba 2195
2095,Bruce,Kent,8 Suffolk St Castle Hill 2154
2134,Mario,Macmahon,849 Old St Double Bay 2028
2141,Justin,Barton,360 Jacket Dr East Hills 2213
2147,Jose,Weldon,435 Bent Ave Engadine 2233
2154,Laura,Riddle,582 Grafton Rd Lane Cove 2066
2168,Elmer,Hooker,325 Bolton Ave Henley 2111
2169,Martha,Lane,34 Farm Rd Elizabeth Bay 2011
2181,Loren,Wilton,532 Shoal Ave Bankstown 2200
2185,Warwick,Bowen,47 Palings Drv Sutherland 2232
2189,Prue,Connor,156 Bligh St Avalon 2107
2202,Nola,Raines,799 Huon Drv Woronora 2232
2206,Mel,Pollard,815 Vera St Wynyard 2000
2208,Rita,Lyman,770 Merry Ave Rockdale 2216
2215,Raymond,Gallagher,455 Redwood Rd Springwod 2777
2238,Carol,Henderson,360 Bright Ave Rose Bay 2029
2245,Colin,Chidley,257 Jervis Rd Cromer 2099
2271,Michelle,Wynn,633 Macklin Ave Homebush 2140
2274,Brent,Moore,422 Mustang Ave Mona Vale 2103
2285,Millicent,Richards,457 Suffolk Dr Banksia 2216
2287,Lee,Selwyn,994 Lizard Drv Dolls Point 2219
2288,Laura,Forest,261 Wilga Ave Richmond 2753
2296,Genevieve,Gibson,695 Witherton St Thornleigh 2120
2301,Darcy,Wormald,553 Works Rd Greenacre 2190
2308,Leon,Varlet,460 Vickers St Enfield 2136
2310,Fred,Green,155 Reading St Clovelly 2031
2324,Zelko,Lomax,178 Fork St Windsor 2756
2331,Ronald,Riddle,914 Marble Drv St Marys 2760
2332,Robert,Broughton,464 Parana Ave Wisemans Ferry 2775
2335,Tammy,Sumner,512 Northcote St Greenwich 2065
2348,Rupert,Carruthers,331 Axon St Box Hill 2765
2363,Melvin,Cash,996 Boyd St Emerton 2770
2369,Alexander,Boyd,817 Odea Ave Ashfield 2131
2372,Astrid,Lumley,781 Tango Rd Whalan 2770
2377,Babette,Spencer,156 Bate St Penrith 2750
2383,Emilio,Dwyer,314 Palace St Stanmore 2048
2391,Bill,Farley,361 Benson St Hoxton park 2171
2407,Angelo,Dawson,264 Pentland Drv Cowan 2081
2408,Carla,Bisset,365 Coll St Berowra 2081
2418,Flora,Larson,214 Kingsway Waterloo 2017
2428,Herb,Jarret,517 Priory Ave Heathcote 2233
2443,Alex,Glenore,290 Greenbank St Narellan 2567
2447,Corey,Rutley,460 Wattle Rd Padstow 2211
2457,Edwin,Hooker,218 Faye St Frenchs Forest 2086
2475,Kelly,Boyle,712 Cooma St Bundeena 2230
2492,Wally,Latham,778 Coors Drv Ryde 2112
2502,Wes,Roth,717 Knight St Glenmore 2570
2505,Alexia,Murray,875 Raymond St Enmore 2042
2507,Gemma,Mercer,286 Roma Ave North Sydney 2060
2510,Pheobe,Charlotte,219 Lamrock St Riverwood 2210
2518,Igor,Mainwright,297 Caloola Rd Kurrajong 2758
2520,Des,Davidson,265 Hands St Como 2226
2523,Trevor,Blacksmith,748 Knox Rd Waitara 2077
2527,Jessica,Elwood,388 Hera Ave Eastgardens 2036
2533,Tony,Albert,984 Autumn Ave Turrella 2205
2539,Martha,Listro,612 Hurst Ave Castlecrag 2068
2540,Jared,Clarkson,482 Steam St Canada Bay 2046
2561,Jim,Wakefiled,321 Ellis Rd Illawong 2234
2564,Lonnie,Oxley,270 Bridge Rd Campsie 2194
2565,Benjamin,Melcamp,645 Dulcie Rd Springwood 2777
2571,Ronald,Wyatt,273 Station Rd Cattai 2576
2582,Ilene,Bertrand,366 Marina Rd Dural 2158
2583,Joanna,Moseley,773 Highfield Rd Cremorne 2090
2584,Angus,Boyd,652 Fifth Ave Jannali 2226
2585,Roger,Richards,247 Montana St Camden 2570
2595,Charmaine,Weller,340 Culver St Coogee 2034
2596,Cassie,Filmore,238 Narooma Crs Grays Point 2232
2598,Judy,Ramsey,388 Bali Rd Concord 2137
2611,Mick,Dwyer,102 Bent St Mount Lewis 2190
2630,Ashley,Hinch,103 Livingston Rd Chester Hill 2162
2637,Diane,Archer,583 Comet St Bringelly 2171
2641,Drew,Packard,261 Tulip St Ashbury 2193
2657,Kaitlyn,Marlow,726 Brush St Summer Hill 2130
2665,Jackie,Quan,90 Goulburn St Queens Park 2022
2667,Patty,Berger,738 Salt St Balmain 2041
2681,Jim,Higgins,466 Mount St Dundas 2117
2692,Mario,Bellows,562 Peru St Bexley North 2207
2694,Kurt,Fallon,594 Gould St Quakers Hill 2763
2704,Cherie,Feldman,261 Falkirk St Bronte 2024
2712,Patsy,Boarder,998 Manooka Rd Cottage Point 2084
2726,Penny,Brighton,344 Buckle Ave Surry Hills 2010
2753,Ruth,Marley,856 Silk St Bondi Junction 2022
2755,Therese,Harper,961 Cropley Rd Allawah 2218
2761,Jordan,Hinch,700 Shore Rd Harbord 2096
2766,Candi,Rolls,45 Factory Rd Strathfield 2135
2807,Melvin,Chow,246 Hacking Rd Taren Point 2229
2822,Mario,Belmont,14 Savoy St St Ives 2075
2823,Wes,Woodley,784 Franki St Lugarno 2210
2828,Natalie,Roth,152 Staff St Randwick 2031
2843,Myrtle,Boarder,100 River Rd Yowie Bay 2228
2847,Charles,Garmin,304 Duck St St Leonards 2065
2848,Benjamin,Magee,487 Watt St Haymarket 2000
2849,Lesley,Lang,638 Ward Ave East Killara 2071
2850,Nola,Cantwell,989 Eyre Rd Epping 2121
2856,Damian,Robertson,983 Gartwin St Moorebank 2170
2871,Lavender,Bishop,783 Pitt St Woodpark 2164
2872,Irene,Abbot,225 Gipps St Glen Alpine 2560
2876,Agatha,Truong,484 President Rd Westmead 2145
2894,Kathy,Whyte,472 Peron St Seaforth 2092
2896,Benny,Shipwright,337 Monarch Rd Roseville 2069
2897,Carol,Miller,806 Grange Rd Airds 2560
2898,Ollie,Yates,705 Brooker St Blacktown 2148
2906,Edith,Cunningham,388 Panama St Glebe 2037
2922,Hermione,Dwyer,96 Flinders St Emu Plains 2750
2933,Larry,Cantwell,134 Bridge St Panania 2213
2935,Rex,Li,203 Parker Rd Beecroft 2119
2960,Boris,Rowan,150 Carr St Gymea 2227
2961,Pat,Bunning,223 Koala Ave Chatswood 2067
2963,Wanda,Crighton,139 Seventh Ave Burwood 2134
2967,Carina,Furlough,970 Upfield St Neutral Bay 2089
2979,Camilla,Kinsman,220 Tulloch Rd Hoxton Park 2171
2980,Carolyn,Fonda,265 Plum St West Ryde 2114
2989,Alex,Reynolds,474 Wilde Ave Clontarf 2098
2997,Vicky,Fitzwilliam,632 Everview Crs Vaucluse 2030
3007,Marissa,Wells,236 Sandringham St The Rocks 2000
3013,Lutetia,Winsor,744 Fore St Villawood 2163
3018,Gino,Hartwell,164 Norma Rd Mosman 2088
3026,Matthew,Wright,107 Nott St Schofields 2762
3030,Keryn,Lambert,512 Fell Plc Redfern 2016
3032,Edward,Truong,593 Lawn Drv Eastwood 2122
3044,Edmund,Dune,453 Farady St Granville 2142
3048,Julian,Allenby,287 Moreten St Revesby 2212
3060,Callie,Lambert,637 Broad St Wiley Park 2195
3071,Stephanie,Corby,97 Greenway Ave Blakehurst 2221
3072,Tina,Crane,218 Trumper St Ultimo 2007
3074,Rita,Kenneth,545 Robb Ave Curl Curl 2096
3078,Ian,Bertrand,165 Euston Ave Kirrawee 2232
3082,Robin,Mason,276 Dungate St Fairfield 2165
3089,Reginald,Marks,552 Power St Edgecliff 2027
3095,Jared,Overton,91 Painter St Vineyard 2765
3096,Claudia,Quan,623 Irving St Bondi 2026
3107,Carlo,Colliers,866 Caber St Five Dock 2046
3114,Marcia,Carmino,383 Cook Rd Kingsgrove 2208
3120,James,Whitfield,505 Cecil St Millers Point 2000
3137,Lillian,Kendall,329 Cavan Rd Glenwood 2768
3140,Anastasia,Dawkins,342 Gilda Rd Dee Why 2099
3145,Percival,Mainwright,235 Market Drv Beverly Hills 2209
3147,Edward,Morrison,964 Ibis St Waverton 2060
3150,Cynthia,Young,747 Pambula St Georges Hall 2198
3167,Jenna,Marney,621 Dunlop St Rodd Point 2046
3181,Darlene,Woodrow,484 Rooke St Wollstonecraft 2075
3187,Roger,Hyde,986 Warbler St Woolwich 2110
3193,Luis,Moffet,365 Prince St Gordon 2072
3194,Ian,Kruger,411 Gilroy St Parramatta 2150
3197,Linda,Drury,733 Cary St Chiswick 2046
3202,Jared,Monroe,716 Union St Sans Souci 2219
3215,Ida,Wyles,334 Cook Ave Hurlstone Park 2193
3229,Bonnie,Corbett,331 Lancaster Rd Palm Beach 2108
3235,Dennis,Hickey,150 Ivy Rd Cammeray 2062
3253,Antonio,Corbin,68 Bosco St North Ryde 2113
3270,Ernest,Lawson,350 Verona St Dover Heights 2030
3273,Gary,Oxley,263 Bowns Drv Paddington 2021
3275,Victor,Duncan,886 Hunt St Canterbury 2193
3277,Adrian,Hull,258 Stapleton St Sydney 2000
3296,Warwick,Bronson,516 Croft St Cabarita 2137
3300,Edward,Archer,586 Bigge St Belrose 2085
3310,Chelsea,Harlow,936 Star Drv Cronulla 2230
3324,Nino,Amos,528 Fourth Ave Dolans Bay 2229
3360,Jill,Lockwood,159 Wharf Rd Zetland 2017
3364,Candace,Brock,217 Bristol St Collaroy 2097
3371,Jackie,Martin,43 Waterford Rd Sefton 2162
3388,Bart,Plummer,119 Deakin St Raby 2566
3402,Marco,Wakefiled,848 Hampton Rd Hunters Hill 2110
3406,Joy,Lambert,638 Cash Plc Cambelltown 2560
3410,Nigel,Irwin,511 Steele St Yagoona 2199
3413,Drew,Melrose,766 Osborn Rd Daceyville 2032
3420,Bartholemew,Ewart,98 Ivory Rd Rhodes 2138
3438,Darlene,Finegan,325 Highgate St Liverpool 2170
3446,Bertha,Prescott,35 Carlton St Hurstville 2220
3458,Berverly,Oxley,288 Waratah St Haberfield 2045
3467,Nick,Mercer,473 Pedder Ave Lakemba 2195
3470,Jenna,Luton,248 Cope Ave Castle Hill 2154
3493,Wednesday,Sanderson,904 Miami Crs Double Bay 2028
3510,Rupert,Masters,49 Temple St East Hills 2213
3517,Ilene,Otway,110 Jarrah St Engadine 2233
3528,Phyllis,Ripley,377 Bickell St Lane Cove 2066
3532,Jamie,Hatter,197 Franklyn St Henley 2111
3539,Joshua,O'toole,353 Byrd Rd Elizabeth Bay 2011
3541,Jordan,Dempsey,856 Plover St Bankstown 2200
3543,Dudley,Burlow,348 Dells Rd Sutherland 2232
3549,Percival,Hume,813 Lavender St Avalon 2107
3550,Bob,Moretti,59 Bush Rd Woronora 2232
3564,Brandon,Hong,538 Monash St Wynyard 2000
3566,Ethan,Priest,723 Ilka St Rockdale 2216
3568,Noel,Walker,466 Lions Rd Springwod 2777
3571,Whitney,Morton,964 Patons Rd Rose Bay 2029
3577,Therese,Whistler,79 Dening St Cromer 2099
3585,Bridie,Wormald,516 Leicester St Homebush 2140
3597,Paul,Albert,982 Regatta Rd Mona Vale 2103
3605,Phillip,Davies,760 Dunn Rd Banksia 2216
3607,Luciano,McComb,449 Moth St Dolls Point 2219
3634,Kimberly,Barton,899 Eloora St Richmond 2753
3644,Jock,Truong,532 Fairway Ave Thornleigh 2120
3653,Moira,Boyd,602 Bennett Rd Greenacre 2190
3661,Niles,Davidson,697 Vine Rd Enfield 2136
3678,Fifi,Vines,266 Urunga Rd Clovelly 2031
3699,Bob,Prince,635 Cleal St Windsor 2756
3713,Carol,Lister,580 West St St Marys 2760
3736,Marissa,Whyte,524 Fort St Wisemans Ferry 2775
3743,OliviaSarah,Morton,75 Long St Greenwich 2065
3750,Carolyn,Cook,58 Bayview Drv Box Hill 2765
3751,Bridie,Cross,666 Crescent St Emerton 2770
3753,Genevieve,Anderson,160 Gill Rd Ashfield 2131
3754,Lynda,Prescott,142 Brodie St Whalan 2770
3755,Babette,West,971 Bella St Penrith 2750
3775,Mario,Montgomery,895 Sutton Rd Stanmore 2048
3777,Lily,Pope,508 Mack St Hoxton park 2171
3781,Anabel,Rumsey,305 Wicks Rd Cowan 2081
3791,Ryan,Baron,954 Hunter Rd Berowra 2081
3798,Johnny,Darling,866 Sheppard St Waterloo 2017
3800,Blake,Murtough,796 Salisbury Rd Heathcote 2233
3814,Lilah,Fonda,634 Jet St Narellan 2567
3815,Cody,Ritchie,730 First Ave Padstow 2211
3818,Trish,Hordern,832 Tallow Rd Frenchs Forest 2086
3824,Gillian,Vines,227 Farr St Bundeena 2230
3831,Fay,Cross,603 Prospect Rd Ryde 2112
3835,Jake,Winfield,723 Brown Rd Glenmore 2570
3839,Mischa,Clarendon,936 Namoi Rd Enmore 2042
3841,Shawna,Everett,353 Empress St North Sydney 2060
3868,Seth,Gentle,903 Rose St Riverwood 2210
3872,Mitch,Sanderson,811 Croydon Rd Kurrajong 2758
3920,Chelsea,Chapman,392 Claremont Rd Como 2226
3921,Winifred,Burton,160 Harcourt St Waitara 2077
3926,Bill,Webbe,817 Neptune St Eastgardens 2036
3930,Debbie,Brooks,866 Blossom St Turrella 2205
3936,Russell,Unsworth,652 Cramer St Castlecrag 2068
3940,Des,Wallace,106 Lock St Canada Bay 2046
3944,Pippa,Parks,316 Minna St Illawong 2234
3945,Flora,Fellowes,961 Seville Drv Campsie 2194
3954,Corrine,Pollard,866 Downes Ave Springwood 2777
3966,Jose,Luton,580 Water St Cattai 2576
3970,Mat,Mainwright,325 Haig Rd Dural 2158
3972,Dustin,Potter,343 Marist St Cremorne 2090
3990,Blake,Trump,167 Highfield Drv Jannali 2226
3997,Betty,Roberts,532 Ocean St Camden 2570
4011,Lorraine,Costa,796 Kingsland Rd Coogee 2034
4019,Elena,Davidson,523 Ellim Ave Grays Point 2232
4024,Kyle,Hull,587 Harbour St Concord 2137
4029,Shelly,Meadows,254 Prince Drv Mount Lewis 2190
4033,Mitch,Trunks,542 Grassmere Rd Chester Hill 2162
4038,Edna,Dale,110 Cartway Ave Bringelly 2171
4054,Constantine,Lemming,657 Palmyra Rd Ashbury 2193
4060,Virgil,Tait,538 Citrus Drv Summer Hill 2130
4062,Kris,Best,984 Premier Ave Queens Park 2022
4067,Lindy,Loyd,241 Darwin Rd Balmain 2041
4069,Wilfred,Potter,973 Falcon St Dundas 2117
4089,Nadia,Wallis,709 Boola Ave Bexley North 2207
4093,Shane,Baron,238 Telford St Quakers Hill 2763
4099,Rick,Ferguson,706 Best St Bronte 2024
4105,Carlotta,Young,284 Marlo Ave Cottage Point 2084
4118,Stephen,Greene,257 United Ave Surry Hills 2010
4125,Penny,Doyle,217 Astral St Bondi Junction 2022
4131,Jan,Sutton,143 Harcher St Allawah 2218
4136,Rowena,Roth,899 George St Harbord 2096
4138,Abigail,Barnes,55 Waterside Rd Strathfield 2135
4151,Jackie,Tanner,667 Bartley Ave Taren Point 2229
4152,Ronda,Lyman,907 Vernon St St Ives 2075
4153,Malcolm,Barton,460 Tower Rd Lugarno 2210
4167,Phillip,Tuckey,405 Stanley Rd Randwick 2031
4198,Lesley,Anderson,309 Waterfall Drv Yowie Bay 2228
4212,Garth,Farrell,466 Prout St St Leonards 2065
4215,Byron,Whyte,371 Governor Drv Haymarket 2000
4216,Karl,Lukin,377 Hancock Plc East Killara 2071
4221,Gavin,Duncan,510 Market St Epping 2121
4224,Lorna,Wallace,445 New St Moorebank 2170
4250,Lindy,Keys,439 Mayfield Ave Woodpark 2164
4268,Desiree,Petrino,203 Prescott St Glen Alpine 2560
4269,Darlene,Smythe,155 Victory St Westmead 2145
4270,Ricardo,Berger,662 Mowbray Rd Seaforth 2092
4271,Arturo,Brown,518 Cahill St Roseville 2069
4273,Sophie,Eastman,682 Lantana Rd Airds 2560
4282,Lara,Fenech,637 Myall Rd Blacktown 2148
4288,Bianca,Borbe,787 Paradise Drv Glebe 2037
4313,Lois,Quan,206 Elk St Emu Plains 2750
4319,Robin,Sparro,856 Exley St Panania 2213
4343,Abraham,Barwick,144 Woods St Beecroft 2119
4346,Violet,Abbot,455 Clarence St Gymea 2227
4347,Anne,Porter,892 Clara Rd Chatswood 2067
4358,Linda,Farquar,416 Truscott St Burwood 2134
4361,Diana,Casey,666 Redleaf Ave Neutral Bay 2089
4363,Dan,Albert,976 Mann St Hoxton Park 2171
4364,Leah,Robinson,693 Newington St West Ryde 2114
4370,Walter,Unsworth,601 Wheat Ave Clontarf 2098
4371,Cody,Morwin,379 Blake Rd Vaucluse 2030
4373,Nick,Leader,964 Sandy Drv The Rocks 2000
4377,Belinda,Dingle,89 Berry St Villawood 2163
4389,Gerald,Mainwright,541 Binda Ave Mosman 2088
4391,Destiny,Sparro,350 Liberty St Schofields 2762
4392,Paul,Hughes,534 Star Crs Redfern 2016
4397,Mathias,Brock,296 Paris St Eastwood 2122
4417,Anita,Putnam,313 Cass St Granville 2142
4418,Basil,Delaney,717 Callow Rd Revesby 2212
4425,Alice,Rowan,889 Lady St Wiley Park 2195
4432,Nino,Minsk,671 High Rd Blakehurst 2221
4434,Jane,Bush,169 Sandal Crs Ultimo 2007
4441,Teresa,Modena,771 Garden Rd Curl Curl 2096
4445,Eleanor,Rumsey,433 Palm Rd Kirrawee 2232
4452,Georgia,Georgiou,708 Supply St Fairfield 2165
4459,Bob,Merlin,677 Corella Rd Edgecliff 2027
4478,Jacob,Hughes,620 Oakley St Vineyard 2765
4480,Lindy,Chalmers,760 Sultana St Bondi 2026
4516,Stacy,Lomax,407 Shore St Five Dock 2046
4548,Kerry,Forbes,768 Inwood Ave Kingsgrove 2208
4568,Cassandra,Duff,342 Oakham Rd Millers Point 2000
4575,Mike,Baker,120 Calrendon Plc Glenwood 2768
4584,Becky,Elrick,71 Portland St Dee Why 2099
4587,Luis,Ford,914 Catalina St Beverly Hills 2209
4590,Leonie,Potter,813 Dumas St Waverton 2060
4596,Mat,Condon,245 Jetty St Georges Hall 2198
4600,Larry,Doyle,830 Raleigh St Rodd Point 2046
4601,Beryl,Woodley,922 Dorrigo St Wollstonecraft 2075
4605,Gerald,Chow,626 Sanctuary Rd Woolwich 2110
4606,Peta,Symes,611 Dempsey St Gordon 2072
4610,Pippa,Masters,430 Midway St Parramatta 2150
4613,Terri,Unsworth,85 Karool Rd Chiswick 2046
4618,Ollie,Carson,764 Dunbar Rd Sans Souci 2219
4627,Martine,Elder,527 Delaney St Hurlstone Park 2193
4642,Gordon,Marsden,97 Elgin Rd Palm Beach 2108
4645,Ariana,Rockwell,662 Shade St Cammeray 2062
4661,Agatha,Riddle,971 Middle Rd North Ryde 2113
4666,Hannah,Dunmore,643 Gray Rd Dover Heights 2030
4667,Ivy,Tell,506 Bonner Rd Paddington 2021
4680,Pheobe,Mercer,942 Port St Canterbury 2193
4697,Les,Freeman,967 Merlot St Sydney 2000
4710,Lance,North,736 Wandella St Cabarita 2137
4713,Tina,Curtin,169 Shortland St Belrose 2085
4731,Carmel,Evans,349 Roberts Rd Cronulla 2230
4742,James,Dell,949 Samoa St Dolans Bay 2229
4744,Austin,Betts,894 Kitchen St Zetland 2017
4753,Manuel,Martin,779 Wray St Collaroy 2097
4757,Ida,Springer,349 Gilpin Ave Sefton 2162
4803,Lothar,Gibson,40 Gilmour Ave Raby 2566
4809,Vladimir,Kent,448 Crown St Hunters Hill 2110
4811,Trent,Barclay,304 View St Cambelltown 2560
4812,Anna,Gibson,127 Perwon Rd Yagoona 2199
4815,Leonard,Lockyer,612 Valley Rd Daceyville 2032
4818,Miguel,Dalton,263 Jockey St Rhodes 2138
4823,Brianna,Farley,888 Maple St Liverpool 2170
4827,Lance,Hawke,268 Gillies Rd Hurstville 2220
4830,Roberto,Ford,645 Deakin Rd Haberfield 2045
4833,Laura,Black,248 Dent St Lakemba 2195
4834,Nestor,Bush,853 Trafalgar Ave Castle Hill 2154
4837,Otis,Brown,941 Grand Ave Double Bay 2028
4845,Luana,Usher,563 Domain St East Hills 2213
4846,Gavin,Hartwell,204 Deerwod St Engadine 2233
4867,Berverly,Singer,337 Net St Lane Cove 2066
4873,Brian,Mayne,299 Lloyd St Henley 2111
4876,Leonardo,Meadows,203 Vista Drv Elizabeth Bay 2011
4880,Esther,Jenkins,348 Fontaine St Bankstown 2200
4881,Samantha,Whistler,383 Lucas Rd Sutherland 2232
4882,Jane,Riddle,106 Stark St Avalon 2107
4895,Jared,Corbett,836 Camelot Rd Woronora 2232
4900,Samantha,Prince,142 Berry Ave Wynyard 2000
4907,Sophia,Drury,515 Batt Rd Rockdale 2216
4915,Sue,Modena,790 Lear St Springwod 2777
4917,Lara,Carroll,437 Board St Rose Bay 2029
4921,Mallory,Fyfe,278 Melody St Cromer 2099
4923,Joy,Paxton,98 Hilly Pde Homebush 2140
4926,Vera,Feldman,450 Bond St Mona Vale 2103
4936,Myrtle,Tenton,588 Kato St Banksia 2216
4941,Larry,Richards,930 Suncrest St Dolls Point 2219
4942,Reginald,March,33 Cedar St Richmond 2753
4959,Raj,Tell,507 Potts St Thornleigh 2120
4960,Stacy,Horn,722 Pricess St Greenacre 2190
4981,Justin,Rowan,629 Lincoln Rd Enfield 2136
5003,Quentin,Whitfield,583 Madison Rd Clovelly 2031
5013,Elmer,Grose,17 Bow St Windsor 2756
5028,Callie,Prince,606 Fraser Rd St Marys 2760
5038,Jeffrey,Lawler,382 Brumby Cls Wisemans Ferry 2775
5049,Bridie,Pellegrini,372 Koala Crs Greenwich 2065
5078,Jenny,Timbrell,865 Park St Box Hill 2765
5093,Mario,Darling,244 Grey St Emerton 2770
5100,Theodore,Lynham,869 Gower St Ashfield 2131
5113,Desmond,Dover,858 Short Rd Whalan 2770
5121,Clyde,Silver,326 Franklin St Penrith 2750
5123,Max,Horn,624 Panton Rd Stanmore 2048
5129,Joyce,Lambert,866 Pentland St Hoxton park 2171
5144,Derek,Magee,835 Bidwill St Cowan 2081
5166,Mel,Gartner,726 Deal Ave Berowra 2081
5183,David,O'Malley,975 Rock St Waterloo 2017
5185,Leroy,Hawke,212 Spitfire Crs Heathcote 2233
5189,Blake,Beal,738 Buckland Rd Narellan 2567
5190,Dennis,Wilton,198 The Close Padstow 2211
5194,Hannah,Grady,456 Walker Rd Frenchs Forest 2086
5196,Cynthia,Duke,958 Prime St Bundeena 2230
5215,Liam,Pearce,826 Gibb St Ryde 2112
5218,Gavin,Forman,751 Viola St Glenmore 2570
5223,Claude,Wing,461 Bayan Ave Enmore 2042
5225,Nelson,Webber,552 Ettalong Rd North Sydney 2060
5248,Judith,Spencer,516 Delta St Riverwood 2210
5252,Simon,Compton,149 Crystal St Kurrajong 2758
5269,Patty,Connor,939 Morden Ave Como 2226
5275,Lois,Morton,156 Gilligans Rd Waitara 2077
5286,Mira,Lennon,431 Parakeet Ave Eastgardens 2036
5301,Daniel,Reichhardt,327 Way St Turrella 2205
5302,Akiro,Boyle,424 Shackel Ave Castlecrag 2068
5303,Claude,Dyson,468 Ramsey St Canada Bay 2046
5310,Angelo,Loosely,951 Clarkes Rd Illawong 2234
5341,Lucy,Belfrey,335 Bobbin St Campsie 2194
5351,Maria,O'Connell,686 Suffolk St Springwood 2777
5354,Anastasia,Hardy,661 Old St Cattai 2576
5367,Polly,North,314 Jacket Dr Dural 2158
5371,Sophie,Lachlan,42 Bent Ave Cremorne 2090
5390,Debra,Crouch,170 Grafton Rd Jannali 2226
5397,Aldo,Dolan,279 Bolton Ave Camden 2570
5407,Ava,Beal,569 Farm Rd Coogee 2034
5408,Tim,Hoskins,72 Shoal Ave Grays Point 2232
5410,Jonas,Benson,658 Palings Drv Concord 2137
5417,Wanda,Weller,221 Bligh St Mount Lewis 2190
5418,Hamish,Chester,924 Huon Drv Chester Hill 2162
5430,Clarissa,Casey,736 Vera St Bringelly 2171
5437,Erik,Kramer,815 Merry Ave Ashbury 2193
5456,Beryl,Parks,165 Redwood Rd Summer Hill 2130
5458,Bruce,Flynn,282 Bright Ave Queens Park 2022
5464,Richard,McCoy,907 Jervis Rd Balmain 2041
5473,Bruce,Proctor,544 Macklin Ave Dundas 2117
5486,Keryn,Culloden,32 Mustang Ave Bexley North 2207
5492,Steve,Rose,22 Suffolk Dr Quakers Hill 2763
5493,Lucy,Pringle,106 Lizard Drv Bronte 2024
5494,Luke,Trunks,324 Wilga Ave Cottage Point 2084
5499,Zack,Finch,361 Witherton St Surry Hills 2010
5521,William,Prescott,313 Works Rd Bondi Junction 2022
5532,Callie,Selwyn,259 Vickers St Allawah 2218
5539,Chastity,Mortimer,952 Reading St Harbord 2096
5544,Joshua,Dillon,706 Fork St Strathfield 2135
5550,Mira,Manning,512 Marble Drv Taren Point 2229
5552,Gabriella,Hynes,875 Parana Ave St Ives 2075
5561,Fay,Winthrop,357 Northcote St Lugarno 2210
5568,Alexandra,Pembroke,397 Axon St Randwick 2031
5569,Violet,Johnson,439 Boyd St Yowie Bay 2228
5572,Samantha,Innes,619 Odea Ave St Leonards 2065
5578,Nigel,Blake,417 Tango Rd Haymarket 2000
5589,Kelly,Waterman,300 Bate St East Killara 2071
5611,Beth,Masterton,585 Palace St Epping 2121
5616,Marcel,Spencer,525 Benson St Moorebank 2170
5620,Deborah,Moretti,935 Pentland Drv Woodpark 2164
5623,John,Groper,411 Coll St Glen Alpine 2560
5626,Jill,Dempsey,537 Kingsway Westmead 2145
5644,Daniella,Redford,317 Priory Ave Seaforth 2092
5656,Ari,Priest,219 Greenbank St Roseville 2069
5662,Luke,Wagner,409 Wattle Rd Airds 2560
5667,Festa,Barwick,181 Faye St Blacktown 2148
5681,Mitch,Sparro,593 Cooma St Glebe 2037
5684,Millicent,Jackson,912 Coors Drv Emu Plains 2750
5695,Adele,Lawrence,524 Knight St Panania 2213
5699,Allison,Jackson,460 Raymond St Beecroft 2119
5707,Peta,Baron,842 Roma Ave Gymea 2227
5710,Bonnie,Lyman,16 Lamrock St Chatswood 2067
5733,Astrid,Otway,320 Caloola Rd Burwood 2134
5741,Rebecca,Chang,762 Hands St Neutral Bay 2089
5744,Trish,Manning,528 Knox Rd Hoxton Park 2171
5748,Raj,Ritchie,264 Hera Ave West Ryde 2114
5755,Mina,Macmahon,273 Autumn Ave Clontarf 2098
5764,Emmanuel,Hope,205 Hurst Ave Vaucluse 2030
5766,Wes,Costin,737 Steam St The Rocks 2000
5768,Marla,Wentworth,281 Ellis Rd Villawood 2163
5779,Andrew,Costin,228 Bridge Rd Mosman 2088
5791,Gene,Hope,391 Dulcie Rd Schofields 2762
5806,Jocelyn,Marley,110 Station Rd Redfern 2016
5808,Pia,Parkinson,185 Marina Rd Eastwood 2122
5815,Serena,Lewis,112 Highfield Rd Granville 2142
5840,Debbie,Walker,407 Fifth Ave Revesby 2212
5842,Mariah,Royal,48 Montana St Wiley Park 2195
5851,Kurt,Towers,566 Culver St Blakehurst 2221
5854,Jenny,Markham,513 Narooma Crs Ultimo 2007
5868,Kristina,Murphy,133 Bali Rd Curl Curl 2096
5872,Joe,Baretti,432 Bent St Kirrawee 2232
5879,Wally,Morgan,5 Livingston Rd Fairfield 2165
5890,Trudy,Talbot,968 Comet St Edgecliff 2027
5895,Debra,Potter,144 Tulip St Vineyard 2765
5900,Bartholemew,Harb,334 Brush St Bondi 2026
5902,Les,Bunning,563 Goulburn St Five Dock 2046
5905,Clarissa,Worth,87 Salt St Kingsgrove 2208
5911,Charlene,Border,762 Mount St Millers Point 2000
5912,Katia,Filmore,449 Peru St Glenwood 2768
5936,Eduardo,McComb,907 Gould St Dee Why 2099
5945,Ari,Rolls,867 Falkirk St Beverly Hills 2209
5953,Emilio,North,48 Manooka Rd Waverton 2060
5979,Moira,McCall,250 Buckle Ave Georges Hall 2198
5985,Harley,Gupta,991 Silk St Rodd Point 2046
5997,Craig,Shipley,796 Cropley Rd Wollstonecraft 2075
6023,Corrine,Rockwell,783 Shore Rd Woolwich 2110
6064,Wilbur,Illingworth,80 Factory Rd Gordon 2072
6074,Brett,Whyte,473 Hacking Rd Parramatta 2150
6079,Sally,Finch,623 Savoy St Chiswick 2046
6087,Angela,English,735 Franki St Sans Souci 2219
6088,Katie,Brunswick,680 Staff St Hurlstone Park 2193
6107,Ronald,Illingworth,285 River Rd Palm Beach 2108
6120,Jeremy,English,886 Duck St Cammeray 2062
6122,Kyle,Clark,764 Watt St North Ryde 2113
6124,Barbara,Ford,880 Ward Ave Dover Heights 2030
6126,Hilda,Arlington,26 Eyre Rd Paddington 2021
6139,Robyn,Lawrence,576 Gartwin St Canterbury 2193
6150,Laura,Morrison,546 Pitt St Sydney 2000
6159,Vera,Royce,440 Gipps St Cabarita 2137
6164,Elsa,Dalton,104 President Rd Belrose 2085
6169,Percival,Burton,530 Peron St Cronulla 2230
6184,Coral,Compton,986 Monarch Rd Dolans Bay 2229
6187,Sabrina,Burns,273 Grange Rd Zetland 2017
6189,Lilah,Matthews,796 Brooker St Collaroy 2097
6196,Millie,Dempsey,415 Panama St Sefton 2162
6217,Deborah,Shipley,597 Flinders St Raby 2566
6227,Brent,Woodley,542 Bridge St Hunters Hill 2110
6248,Jedro,Loke,649 Parker Rd Cambelltown 2560
6252,Aldo,Harlow,427 Carr St Yagoona 2199
6270,Maxwell,Seng,401 Koala Ave Daceyville 2032
6295,Donald,Jones,349 Seventh Ave Rhodes 2138
6296,Basil,Groper,894 Upfield St Liverpool 2170
6298,Melissa,Dempsey,41 Tulloch Rd Hurstville 2220
6309,Gene,Bennett,148 Plum St Haberfield 2045
6322,Kirsty,Jenkins,22 Wilde Ave Lakemba 2195
6325,Inga,West,793 Everview Crs Castle Hill 2154
6327,Aldo,Brewster,448 Sandringham St Double Bay 2028
6333,Arturo,Hope,901 Fore St East Hills 2213
6343,Ollie,Sparro,216 Norma Rd Engadine 2233
6345,Fifi,Potts,97 Nott St Lane Cove 2066
6348,James,Elwood,508 Fell Plc Henley 2111
6359,Howard,Clarkson,277 Lawn Drv Elizabeth Bay 2011
6361,Matthew,Proud,324 Farady St Bankstown 2200
6396,Lydia,Montague,25 Moreten St Sutherland 2232
6397,Kevin,Shipley,359 Broad St Avalon 2107
6412,Chelsea,Carlton,903 Greenway Ave Woronora 2232
6417,Annette,Wyndham,924 Trumper St Wynyard 2000
6429,Patsy,Cook,451 Robb Ave Rockdale 2216
6433,Jane,Fonda,19 Euston Ave Springwod 2777
6435,Gilbert,Li,872 Dungate St Rose Bay 2029
6442,Carlo,Meyer,255 Power St Cromer 2099
6452,Abraham,Barnsworth,207 Painter St Homebush 2140
6458,Ernest,Mead,598 Irving St Mona Vale 2103
6465,Charlene,Winthrop,249 Caber St Banksia 2216
6467,Karl,Grose,947 Cook Rd Dolls Point 2219
6470,Gerry,Finegan,682 Cecil St Richmond 2753
6472,Scott,Biggins,986 Cavan Rd Thornleigh 2120
6488,Inga,Wilmott,934 Gilda Rd Greenacre 2190
6489,Coral,Phillips,498 Market Drv Enfield 2136
6505,Carlotta,Bingham,140 Ibis St Clovelly 2031
6508,Emily,Liang,115 Pambula St Windsor 2756
6509,Sophie,Hawthorn,410 Dunlop St St Marys 2760
6510,Katrina,Groper,227 Rooke St Wisemans Ferry 2775
6513,Antonio,Withers,419 Warbler St Greenwich 2065
6532,Mandy,Crosby,157 Prince St Box Hill 2765
6542,Virginia,Finch,192 Gilroy St Emerton 2770
6543,Catherine,Bischoff,687 Cary St Ashfield 2131
6553,Mariah,Chapman,947 Union St Whalan 2770
6621,Jill,York,279 Cook Ave Penrith 2750
6629,Grace,Boswell,10 Lancaster Rd Stanmore 2048
6643,Roland,Hume,781 Ivy Rd Hoxton park 2171
6645,Hillary,Clarendon,232 Bosco St Cowan 2081
6661,Dan,Blacksmith,795 Verona St Berowra 2081
6667,Serena,Brewster,30 Bowns Drv Waterloo 2017
6670,Allison,Lane,47 Hunt St Heathcote 2233
6679,Claudia,Withers,265 Stapleton St Narellan 2567
6682,Dustin,Curtin,844 Croft St Padstow 2211
6683,Keira,Page,660 Bigge St Frenchs Forest 2086
6685,Babette,Lally,873 Star Drv Bundeena 2230
6689,Nora,Wells,484 Fourth Ave Ryde 2112
6697,Jackie,Kidman,933 Wharf Rd Glenmore 2570
6708,Vanessa,Cave,729 Bristol St Enmore 2042
6718,Dora,Hyde,595 Waterford Rd North Sydney 2060
6726,Joe,Burgess,251 Deakin St Riverwood 2210
6729,George,Rumsey,978 Hampton Rd Kurrajong 2758
6749,Tibor,Minh,104 Cash Plc Como 2226
6754,Julian,Larson,743 Steele St Waitara 2077
6767,Abigail,Winsor,987 Osborn Rd Eastgardens 2036
6768,Khalid,Bennett,678 Ivory Rd Turrella 2205
6780,Edward,Langley,17 Highgate St Castlecrag 2068
6800,Larry,Holden,900 Carlton St Canada Bay 2046
6807,Kelly,Mackenzie,401 Waratah St Illawong 2234
6813,Nadine,Grantley,354 Pedder Ave Campsie 2194
6825,Lydia,Selwyn,678 Cope Ave Springwood 2777
6834,Venus,Corbett,908 Miami Crs Cattai 2576
6852,Joseph,Ramsey,484 Temple St Dural 2158
6872,Melissa,Brunswick,591 Jarrah St Cremorne 2090
6875,Joy,Sumner,938 Bickell St Jannali 2226
6891,Lynda,Talbot,417 Franklyn St Camden 2570
6895,Austin,Roach,182 Byrd Rd Coogee 2034
6897,Tania,Wyeth,308 Plover St Grays Point 2232
6902,Austin,Shepherd,82 Dells Rd Concord 2137
6912,Carina,Finn,10 Lavender St Mount Lewis 2190
6913,Serena,Rivers,931 Bush Rd Chester Hill 2162
6915,Adam,Trigg,114 Monash St Bringelly 2171
6925,Elsa,Quick,24 Ilka St Ashbury 2193
6935,Katherine,Lawler,369 Lions Rd Summer Hill 2130
6960,Fernando,Sanderson,471 Patons Rd Queens Park 2022
6968,Beatrice,Ferris,50 Dening St Balmain 2041
6976,Theo,Redford,463 Leicester St Dundas 2117
7001,Ben,Morgan,246 Regatta Rd Bexley North 2207
7020,Craig,Hawthorn,600 Dunn Rd Quakers Hill 2763
7051,Michelle,Northrop,78 Moth St Bronte 2024
7058,Zack,Grady,792 Eloora St Cottage Point 2084
7067,Darlene,Springer,199 Fairway Ave Surry Hills 2010
7091,Niles,Henderson,816 Bennett Rd Bondi Junction 2022
7103,Patricia,Loder,946 Vine Rd Allawah 2218
7118,Jack,Barnwell,812 Urunga Rd Harbord 2096
7128,Tim,Train,343 Cleal St Strathfield 2135
7131,Kim,Minter,987 West St Taren Point 2229
7134,Adriana,Barnsworth,255 Fort St St Ives 2075
7135,Mario,Perkins,542 Long St Lugarno 2210
7136,Austin,Shaw,587 Bayview Drv Randwick 2031
7138,Maria,Oxley,501 Crescent St Yowie Bay 2228
7141,Jeanette,Deco,864 Gill Rd St Leonards 2065
7155,Gilbert,Tennant,674 Brodie St Haymarket 2000
7156,Adam,Hope,107 Bella St East Killara 2071
7159,Kenneth,Page,541 Sutton Rd Epping 2121
7162,Brian,Proud,985 Mack St Moorebank 2170
7163,Grace,Markham,474 Wicks Rd Woodpark 2164
7165,Charlene,Timmins,23 Hunter Rd Glen Alpine 2560
7173,Ada,Clark,429 Sheppard St Westmead 2145
7181,Pam,Saunders,571 Salisbury Rd Seaforth 2092
7184,Todd,Lemming,167 Jet St Roseville 2069
7185,Roy,Rothman,529 First Ave Airds 2560
7207,Patsy,Smith,198 Tallow Rd Blacktown 2148
7225,Margaret,Dell,862 Farr St Glebe 2037
7227,Mick,Elwood,115 Prospect Rd Emu Plains 2750
7231,Pheobe,Truong,947 Brown Rd Panania 2213
7232,Beth,Rochester,814 Namoi Rd Beecroft 2119
7253,Renae,Curtin,204 Empress St Gymea 2227
7264,Herb,Chalmers,319 Rose St Chatswood 2067
7270,Stanley,Leader,454 Croydon Rd Burwood 2134
7274,Cameron,Ainsworth,731 Claremont Rd Neutral Bay 2089
7282,Rebecca,Hull,481 Harcourt St Hoxton Park 2171
7303,Michael,Colliers,61 Neptune St West Ryde 2114
7308,Daniel,Garmin,450 Blossom St Clontarf 2098
7312,Daniel,Paxton,686 Cramer St Vaucluse 2030
7319,Demi,Gentle,798 Lock St The Rocks 2000
7322,Norman,Hope,713 Minna St Villawood 2163
7326,Bradley,Norton,816 Seville Drv Mosman 2088
7330,Kevin,Grantley,915 Downes Ave Schofields 2762
7339,Mat,Archer,246 Water St Redfern 2016
7352,Arthur,Murray,27 Haig Rd Eastwood 2122
7353,Bart,Vines,538 Marist St Granville 2142
7356,Janet,Monckton,212 Highfield Drv Revesby 2212
7362,Charles,Woodward,879 Ocean St Wiley Park 2195
7363,Brianna,Haynes,444 Kingsland Rd Blakehurst 2221
7382,Akiro,Sotheby,431 Ellim Ave Ultimo 2007
7388,Gabriella,Davies,498 Harbour St Curl Curl 2096
7393,Kenny,Johnson,249 Prince Drv Kirrawee 2232
7399,Gordon,Ranger,215 Grassmere Rd Fairfield 2165
7407,Coral,Haynes,957 Cartway Ave Edgecliff 2027
7416,Nathaniel,Pring,825 Palmyra Rd Vineyard 2765
7426,Ashley,Fitzwilliam,118 Citrus Drv Bondi 2026
7470,Bart,Rutley,394 Premier Ave Five Dock 2046
7500,Miguel,Fenech,354 Darwin Rd Kingsgrove 2208
7503,Dawn,Timms,989 Falcon St Millers Point 2000
7509,Pam,Brooks,201 Boola Ave Glenwood 2768
7520,Mike,Ferguson,988 Telford St Dee Why 2099
7530,Cynthia,Tate,582 Best St Beverly Hills 2209
7532,Amalia,Fields,168 Marlo Ave Waverton 2060
7542,Hermione,Martin,48 United Ave Georges Hall 2198
7559,Charmaine,Crowther,815 Astral St Rodd Point 2046
7569,Chantal,Lewis,800 Harcher St Wollstonecraft 2075
7570,Colin,Lomax,260 George St Woolwich 2110
7583,Brian,Penn,430 Waterside Rd Gordon 2072
7595,Sam,Unger,866 Bartley Ave Parramatta 2150
7596,Rowena,Berger,371 Vernon St Chiswick 2046
7598,Calypso,Stepworth,848 Tower Rd Sans Souci 2219
7607,Jacob,Horvarth,839 Stanley Rd Hurlstone Park 2193
7609,Liam,Robinson,223 Waterfall Drv Palm Beach 2108
7610,Graeme,Wyse,626 Prout St Cammeray 2062
7619,Cherie,Rich,954 Governor Drv North Ryde 2113
7639,Jonas,Varlet,945 Hancock Plc Dover Heights 2030
7655,Ray,Forest,823 Market St Paddington 2021
7660,Louisa,Kidman,873 New St Canterbury 2193
7663,Hannah,Minter,9 Mayfield Ave Sydney 2000
7670,Bridie,Lomax,148 Prescott St Cabarita 2137
7674,Cassie,Forbes,612 Victory St Belrose 2085
7676,Kenny,Traveller,378 Mowbray Rd Cronulla 2230
7682,Magda,Fraser,714 Cahill St Dolans Bay 2229
7687,Louisa,Covers,556 Lantana Rd Zetland 2017
7690,Tammy,Davies,904 Myall Rd Collaroy 2097
7693,Frederick,Dillon,311 Paradise Drv Sefton 2162
7696,Perry,Wallace,707 Elk St Raby 2566
7717,Debbie,Bronson,16 Exley St Hunters Hill 2110
7721,Jasmine,Royce,969 Woods St Cambelltown 2560
7738,Trevor,Whistler,893 Clarence St Yagoona 2199
7739,Kylie,Ewens,216 Clara Rd Daceyville 2032
7748,Reuben,Marlow,58 Truscott St Rhodes 2138
7753,Libby,Wilmott,157 Redleaf Ave Liverpool 2170
7758,Prue,Kingston,214 Mann St Hurstville 2220
7768,Victoria,Moretti,109 Newington St Haberfield 2045
7771,Glennys,Weldon,839 Wheat Ave Lakemba 2195
7772,Rick,Lomax,113 Blake Rd Castle Hill 2154
7782,Marcel,Innes,475 Sandy Drv Double Bay 2028
7790,Bert,Bunning,23 Berry St East Hills 2213
7796,Diana,Lambert,485 Binda Ave Engadine 2233
7805,Pam,Burns,865 Liberty St Lane Cove 2066
7808,Nellie,Yates,623 Star Crs Henley 2111
7810,Herb,McCall,492 Paris St Elizabeth Bay 2011
7820,Craig,Bischoff,395 Cass St Bankstown 2200
7822,Lorna,O'Connell,840 Callow Rd Sutherland 2232
7845,Jedro,Potts,625 Lady St Avalon 2107
7850,Kim,Garmin,241 High Rd Woronora 2232
7855,Anthony,Pellegrini,414 Sandal Crs Wynyard 2000
7862,Emma,Ewens,106 Garden Rd Rockdale 2216
7869,Edna,Rivers,853 Palm Rd Springwod 2777
7872,Stephanie,Gentle,70 Supply St Rose Bay 2029
7876,Dudley,Drummond,937 Corella Rd Cromer 2099
7884,Tania,Oxley,381 Oakley St Homebush 2140
7886,Carol,Higgins,333 Sultana St Mona Vale 2103
7894,Eugenia,Sommers,2 Shore St Banksia 2216
7899,Wesley,Reichhardt,344 Inwood Ave Dolls Point 2219
7917,Dana,Gardener,615 Oakham Rd Richmond 2753
7934,Jonathan,McCoy,819 Calrendon Plc Thornleigh 2120
7937,Patrick,Wrest,617 Portland St Greenacre 2190
7938,Nathan,Roach,347 Catalina St Enfield 2136
7939,Harley,Packard,176 Dumas St Clovelly 2031
7944,Willy,Lowe,943 Jetty St Windsor 2756
7948,Vito,Wyse,742 Raleigh St St Marys 2760
7954,Zack,Whyte,126 Dorrigo St Wisemans Ferry 2775
7967,Luana,Tuckey,962 Sanctuary Rd Greenwich 2065
7989,James,Hawkins,924 Dempsey St Box Hill 2765
8002,Lars,Fynch,916 Midway St Emerton 2770
8007,Diana,Robinson,352 Karool Rd Ashfield 2131
8015,Patty,Lawson,955 Dunbar Rd Whalan 2770
8027,Roy,Morwell,562 Delaney St Penrith 2750
8028,Mischa,Ferris,309 Elgin Rd Stanmore 2048
8037,Arturo,Elrick,465 Shade St Hoxton park 2171
8050,Tasha,Magee,43 Middle Rd Cowan 2081
8054,Jill,Betts,511 Gray Rd Berowra 2081
8055,Yvette,Delaney,10 Bonner Rd Waterloo 2017
8062,Guy,Tell,806 Port St Heathcote 2233
8066,Tanya,Border,135 Merlot St Narellan 2567
8078,Magda,Everett,54 Wandella St Padstow 2211
8085,Donna,Ranger,867 Shortland St Frenchs Forest 2086
8104,Miranda,Faulkner,478 Roberts Rd Bundeena 2230
8111,Daniella,Prince,881 Samoa St Ryde 2112
8113,Tasha,Meyer,879 Kitchen St Glenmore 2570
8120,Mandy,O'Connell,276 Wray St Enmore 2042
8132,Annette,Unwin,28 Gilpin Ave North Sydney 2060
8136,Susan,Tucker,532 Gilmour Ave Riverwood 2210
8137,Wilfred,Turner,577 Crown St Kurrajong 2758
8138,Kristina,Sommers,628 View St Como 2226
8143,Hailey,Ramsey,319 Perwon Rd Waitara 2077
8149,Vanessa,Hawkins,745 Valley Rd Eastgardens 2036
8153,Coralie,Manning,854 Jockey St Turrella 2205
8160,Helmut,Monckton,299 Maple St Castlecrag 2068
8172,Karyn,Symes,208 Gillies Rd Canada Bay 2046
8176,Sharon,Henderson,379 Deakin Rd Illawong 2234
8191,Mark,Talbot,692 Dent St Campsie 2194
8212,Ron,Wilkes,384 Trafalgar Ave Springwood 2777
8213,Lance,Finch,865 Grand Ave Cattai 2576
8216,Rita,Elwood,572 Domain St Dural 2158
8218,Jason,Allworth,933 Deerwod St Cremorne 2090
8225,Horrie,Rothman,573 Net St Jannali 2226
