CustomerID,Surname,Given,Name,Title,Address1,Address2,Suburb,Postcode,Phone1,Fax,Mobile,EffectiveDate,State,PropertyID,RefNARNo
4603, Woodworks, Elizabeth," Woodworks,  Elizabeth",NULL,Unit 41/8 Saffron Drive,NULL,HALLAM,3803,(03) 9309 3910,NULL,NULL,4/13/16,2,103650,461376
548070, Cattle, Natural," Cattle,  Natural",NULL,Berwick House Srs,21 Kays Avenue,HALLAM,3803,93031914,NULL,404104402,5/01/2014,2,NULL,NULL
4003, Woodworks, Hunter," Woodworks, Mr  Hunter",Mr,13 Valerie Drive,NULL,CRANBOURNE,3977,(03) 1992 4404,NULL,NULL,2/17/16,2,58204,87285
4119, Holligan, Bruce  Jamaica," Holligan, Mrs  Bruce  Jamaica",Mrs,18 Clarkson Boulevard,NULL,CRANBOURNE EAST,3977,(03) 1990 9111,NULL,NULL,1/06/2016,2,89981,443569
596, Daware, Alladin ," Daware,  Alladin ",NULL,7 Alma Court,NULL,ENDEAVOUR HILLS ,3802,(03) 9302 1934,NULL,0414 314 291,9/01/2014,2,NULL,NULL
4575, Zomby, Amanda," Zomby,  Amanda",NULL,4 Ocean Street,NULL,CRANBOURNE EAST,3977,(03) 1991 1119,NULL,NULL,4/11/2016,2,115711,463043
546381, Painting, Porche," Painting, MISS  Porche",MISS,2/32 Adam Avenue,NULL,HALLAM,3803,(03) 9392 3109,NULL,0409 110 094,7/30/15,2,NULL,NULL
541256, Cattle, Jacob," Cattle, MSTR  Jacob",MSTR,1/4 Paydon Way,NULL,HAMPTON PARK,3976,(03) 9309 9343,NULL,0413 291 199,7/30/15,2,NULL,NULL
2998,Di  Pencil, Gaugemaker,"Di  Pencil,  Gaugemaker",NULL,179A Pound Road,NULL,HAMPTON PARK,3976,NULL,NULL,0414 999 414,7/03/2015,2,NULL,NULL
4239, Catermarine, Katrina," Catermarine, Mrs  Katrina",Mrs,2 Lemon Tree Lane,NULL,NARRE WARREN NORTH,3804,(03) 9392 4341,NULL,NULL,2/09/2016,2,89829,6476
3212, Leech, Lee  Elizabeth," Leech,  Lee  Elizabeth",NULL,3 Jasmine Court,NULL,CRANBOURNE NORTH,3977,(03) 1992 9004,NULL,0403 140 321,8/07/2015,2,53535,54382
3118, Holligan, Kamal," Holligan, Mr  Kamal",Mr,9 Camilla Circuit,Blue Hills Residences Retirement Village,CRANBOURNE EAST,3977,(03) 1990 9041,NULL,NULL,7/28/15,2,89895,114185
3539, Woodworks, Pottor  Hansel," Woodworks,  Pottor  Hansel",NULL,6 Tarella Street,NULL,HAMPTON PARK,3976,NULL,NULL,0413 011 911,3/05/2015,2,43839,64082
1995, Jump, Allison," Jump,  Allison",NULL,1 Nandaly Place,NULL,CRANBOURNE WEST,3977,(03) 1992 2213,NULL,0491 331 933,3/24/15,2,98864,124773
2346, Phantom,Louis  Constant," Phantom, Mr Louis  Constant",Mr,42 Clive Street,NULL,HAMPTON PARK,3976,(03) 9394 0403,NULL,0411 919 314,3/12/2015,2,38719,46174
110163, Capital.,.," Capital., .",NULL,27 Village Drive,NULL,HAMPTON PARK,3976,NULL,NULL,NULL,4/10/2015,2,44324,442595
522477, Crocodile,Suz Marie," Crocodile, Suz Marie",NULL,51 Archers Field Drive,NULL,CRANBOURNE EAST,3977,(03) 1991 0034,NULL,0414 439 034,6/02/2016,2,98126,235851
539382, Holligan, Morilda," Holligan,  Morilda",NULL,2 Gatwick Court,NULL,CRANBOURNE EAST,3977,(03) 1992 4929,NULL,NULL,7/30/15,2,73342,391566
548236, Woodworks, Martha," Woodworks, MRS  Martha",MRS,147/57 Gloucester Avenue,Fiddlers Green R V,BERWICK,3806,(03) 9392 1314,NULL,NULL,8/01/2014,2,NULL,NULL
539380, Holligan, Tanishka,"Hall, MISS  Tanishka",MISS,2 Gatwick Court,NULL,CRANBOURNE EAST,3977,(03) 1992 4929,NULL,0491 441 922,7/30/15,2,NULL,NULL
3119, Timothy, Marrissa," Timothy, Mrs  Marrissa",Mrs,Unit 6/12-14 Fieldhouse Lane,NULL,BERWICK,3806,(03) 9309 2004,NULL,0434 149 319,8/17/15,2,76043,448990
576, Romilla, Jolly," Romilla,  Jolly",NULL,7 Landau Court,NULL,CRANBOURNE NORTH,3977,(03) 1991 3293,NULL,0401 394 304,7/08/2014,2,NULL,NULL
2480, Woodworks, Minister," Woodworks, Mr  Minister",Mr,4 Summit Court,NULL,HAMPTON PARK,3976,(03) 9399 9030,NULL,0410 239 909,4/10/2015,2,66398,200832
1691, Woodworks, Stella," Woodworks, Mrs  Stella",Mrs,Unit 118/41 Craig Road,NULL,JUNCTION VILLAGE,3977,(03) 1992 4190,NULL,NULL,1/12/2014,2,74791,435033
3406, Gotchaman, Kirsty," Gotchaman, Miss  Kirsty",Miss,1 Thomas Cres,NULL,CRANBOURNE WEST,3977,NULL,NULL,0433 011 943,9/11/2015,2,NULL,NULL
2943, Ownings, Carbara  Jamaica," Ownings, Mrs  Carbara  Jamaica",Mrs,13 Eleanore Crescent,NULL,HALLAM,3803,(03) 4319 1131,NULL,0439 991 110,7/14/15,2,24756,11603
2882, Swinging, Rachel," Swinging, Ms  Rachel",Ms,Unit 1/150 Avebury Drive,NULL,BERWICK,3806,NULL,NULL,0439 114 493,7/31/15,2,96226,446320
3898, Kylie, Raymond," Kylie, Mr  Raymond",Mr,Unit 22/4-42 Coral Drive,NULL,HAMPTON PARK,3976,(03) 4319 1939,NULL,0419 944 413,1/17/15,2,38864,455850
1636, Burgho, Amandathest," Burgho, Miss  Amandathest",Miss,21 Dahlen Place,NULL,BERWICK,3806,(03) 4332 9999,NULL,0491 319 114,1/18/14,2,NULL,NULL
3217, Frank, Austin," Frank, Mr  Austin",Mr,185 Camms Road,NULL,CRANBOURNE,3977,(03) 1992 9994,NULL,NULL,8/10/2015,NULL,74728,449866
548949, Woodworks, Janet," Woodworks, MRS  Janet",MRS,23 Harkaway Road,NULL,BERWICK,3806,393034119,NULL,NULL,5/01/2014,2,NULL,NULL
1745, Woodworks, Lousie," Woodworks,  Lousie",NULL,Unit 1/21-25 Parkhill Drive,Berwick Retirement Village,BERWICK,3806,(03) 9324 9490,NULL,NULL,1/20/15,2,70920,436731
538285, Woodworks, Erin," Woodworks, MRS  Erin",MRS,3/21 Alexander Street,NULL,CRANBOURNE,3977,(03) 1991 4132,NULL,NULL,7/30/15,2,NULL,NULL
4157, Wallaroo, Fernando," Wallaroo, Mr  Fernando",Mr,26 Blake Street,NULL,BERWICK,3806,NULL,NULL,0411 091 419,2/10/2016,2,83922,459159
5072, Woodworks, Rebecca ," Woodworks,  Rebecca ",NULL,Unit 2/56 Marklin Street,NULL,CRANBOURNE,3977,(03) 1991 3432,NULL,0422 499 191,6/08/2016,2,98848,124755
1340, Smily, Kramer," Smily,  Kramer",NULL,Unit 4/2 Shrives Road,NULL,NARRE WARREN,3805,(03) 4319 1333,NULL,0343 191 333,6/13/14,2,15802,432921
4609, Wallaroo, Catherine," Wallaroo, Mrs  Catherine",Mrs,15 Regent Close,NULL,BERWICK,3806,NULL,NULL,0441 120 319,3/29/16,2,68426,82601
1812, Woodworks, Magic," Woodworks,  Magic",NULL,123/5 Harmony Chase,Selandra Rise Retirement Village,CLYDE NORTH,3978,(03) 9323 9994,NULL,NULL,1/06/2015,2,122925,437099
541257, Cattle, Lachhalan," Cattle, MSTR  Lachhalan",MSTR,1/4 PaydonWay,NULL,HAMPTON PARK,3976,(03) 9309 9343,NULL,0413 291 199,7/31/15,2,NULL,NULL
3154, Woodworks,Cheryl Angelica," Woodworks, Cheryl Angelica",NULL,14 Sinclair Court,NULL,HAMPTON PARK,3976,(03) 9399 9914,NULL,NULL,7/28/15,2,43165,63049
4969, Woodworks, Kevin," Woodworks, Mr  Kevin",Mr,Unit 2/7 Hudson Street,NULL,BEACONSFIELD,3807,NULL,NULL,0409 919 024,5/19/16,2,110739,466637
530038, Cattle, Veronica," Cattle, MISS  Veronica",MISS,1/4 PaydonWay,NULL,HAMPTON PARK,3976,NULL,NULL,0413 291 199,7/30/15,2,NULL,NULL
2565, Timothy, Jeremy," Timothy,  Jeremy",NULL,6 Munster Court,NULL,ENDEAVOUR HILLS,3802,(03) 9300 1394,NULL,NULL,4/20/15,2,8486,443165
545523, Geremmy- Woodworks,Janna," Geremmy- Woodworks, MRS Janna",MRS,7 Conferta Crescent,NULL,DOVETON,3177,(04) 9241 3423,NULL,0492 413 423,7/30/15,2,NULL,NULL
547503, Freshbreeze, Monahhan," Freshbreeze, MR  Monahhan",MR,28 Flametree Circuit,NULL,CRANBOURNE,3977,(03) 1991 4149,NULL,0404 023 414,7/30/15,2,NULL,NULL
2056, Leech, Jamaica," Leech,  Jamaica",NULL,Unit 175/2 Rochester Parade,NULL,CRANBOURNE EAST,3977,(03) 1992 9433,NULL,NULL,3/13/15,2,105942,132277
548560, Callum, Claudia," Callum,  Claudia",NULL,Unit 13/9 Carly Close,NULL,NARRE WARREN SOUTH,3805,(03) 4390 1410,NULL,0409 011 410,1/14/15,2,101810,407748
4581, Holligan,John," Holligan, Mr John",Mr,18 Clarkson Boulevard,NULL,CRANBOURNE EAST,3977,(03) 1990 9111,NULL,NULL,7/19/16,2,89981,443568
3077, Woodworks, Coaster," Woodworks, Master  Coaster",Master,12 Terri-Ester Drive,NULL,BERWICK,3806,NULL,NULL,0409 033 301,3/23/15,2,87736,448627
4886, Woodworks, Cattle," Woodworks, Mr  Cattle",Mr,Unit 1/31 Virginia Street,NULL,CRANBOURNE,3977,(03) 1991 9339,NULL,0413 132 392,5/30/16,2,58260,87427
3257, Hatrote, Aaroon," Hatrote, Mrs  Aaroon",Mrs,4 Dylan Court,NULL,BERWICK,3806,(03) 9304 2110,NULL,0403 034 194,8/27/15,2,63526,450468
4313, Woodworks, Alwin," Woodworks, Mr  Alwin",Mr,47 Hinrichsen Drive,NULL,HALLAM,3803,(03) 9303 1333,NULL,NULL,2/09/2016,2,25312,415055
3705, Sandrigram, Beatrice," Sandrigram, Mrs  Beatrice",Mrs,8 Pinelands Court,NULL,NARRE WARREN,3805,(03) 9303 9941,NULL,NULL,6/13/15,2,14947,349065
3893, Burgho, Dough," Burgho, Mr  Dough",Mr,21 Dahlen Place,NULL,BERWICK,3806,(03) 4332 9999,NULL,0491 319 113,1/24/15,2,79537,455841
3487, Caster, Viroon," Caster, Mr  Viroon",Mr,10 Cressonierre Court,NULL,HALLAM,3803,(03) 9303 1319,NULL,NULL,3/13/15,2,11984,8970
2683, Woodworks, Pauline," Woodworks, Mrs  Pauline",Mrs,4 Summit Court,NULL,HAMPTON PARK,3976,(03) 9399 9030,NULL,0422 044 490,5/06/2015,2,NULL,NULL
1722, Senator, Grange," Senator, Grange",NULL,14 Janson Close,NULL,NARRE WARREN SOUTH,3805,NULL,NULL,0499 933 140,1/06/2015,2,35861,61925
1625, Lattitude, Lachhalan," Lattitude,  Lachhalan",NULL,3 Euston Court,NULL,BERWICK,3806,(03) 4394 3931,NULL,0434 434 211,1/30/15,2,76968,434581
527451, Cattle, Fauna," Cattle, MS  Fauna",MS,1/4 Paydon Way,NULL,HAMPTON PARK,3976,(03) 9309 9343,NULL,0413 291 199,7/30/15,2,NULL,NULL
885, Woodworks, Cashmyn  Porche," Woodworks, Mrs  Cashmyn Patricia",Mrs,9 Attunga Court,NULL,BERWICK,3806,(03) 9301 1392,NULL,NULL,5/18/16,2,34081,2441
2852, Woodworks, Troug," Woodworks,  Troug",NULL,22 Floriana Ave,NULL,DOVETON,3177,NULL,NULL,0411 301 241,6/03/2015,2,NULL,NULL
