NameNo,Surname,GivenName1,GivenName2,GivenNameInitials,Title,Sex,DateofBirth,Address1,Address2,Address3,Postcodeq,HomePhone,MobilePhone,DateCreated,DateModified
12901, Zipporah, Sandra,Jayne,S J,Ms,F,11/07/1973,8 Sandpiper Close,BLIND BIGHT,"VIC, 3980",3980,NULL,0414 994 442,17/11/2003 18:44,22/09/2014 14:49
13651, Trouglas, Lorren,NULL,L ,Ms,F,6/03/1981,54 Bellis Circuit,BOTANIC RIDGE,"VIC, 3977",3977,9331 4331,0494 399 393,17/11/2003 18:52,25/10/2012 11:32
32388, Shahrukh, Sarfarosh,NULL,S ,Ms,F,29/04/1980,14 Muirkirk Close,ENDEAVOUR HILLS,"VIC, 3802",3802,9300 2323,NULL,31/12/2003 14:57,23/01/2008 14:04
53804, Zuben, Martin,NULL,M ,Mr,M,10/02/1978,NULL,NARRE WARREN,"VIC, 3805",3805,NULL,NULL,20/10/2005 12:18,7/12/2005 10:20
57475, Murray, Elees,NULL,E ,Ms,F,18/11/1968,12 Lindenow Court ,CRANBOURNE NORTH,"VIC, 3977",3977,1991 3434,0410 013 432,3/02/2006 13:50,2/06/2011 10:35
58674, Hanuman, Saket,NULL,S ,Ms,F,5/11/1978,13 Harvey Court,HAMPTON PARK,"VIC, 3976",3976,9399 9404,NULL,8/03/2006 10:55,6/05/2008 12:01
62774, Snowling, Megan,NULL,M ,Ms,F,29/06/1979,10 Greendale Crt,NARRE WARREN,"VIC, 3805",3805,0491 433 029,NULL,5/07/2006 14:01,20/07/2006 12:00
67615, Zipporah, Sandra,NULL,S ,Ms,F,11/07/1973,8 Sandpiper Close,BLIND BIGHT,"VIC, 3980",3980,NULL,0414 994 442,13/11/2006 13:23,28/02/2013 15:17
68861, Soutek, Kramer,NULL,G ,Mr,M,30/10/1977,41 Coowarra Way,BERWICK,"VIC, 3806",3806,9301 2293,0413 144 990  (Husb),18/12/2006 14:46,22/06/2011 14:51
72857, Gonsalvis, Youvane,NULL,G ,Mr ,M,20/04/1975,NULL,NULL,NULL,NULL,NULL,NULL,30/03/2007 17:39,30/03/2007 17:39
72858, Gonsalvis, Youvane,NULL,G ,mr,M,20/04/1975,NULL,NULL,NULL,NULL,NULL,NULL,30/03/2007 17:41,30/03/2007 17:41
75458, Trouglas, Lorren,NULL,L ,Ms,F,6/03/1981,10 Forrester Walk,NARRE WARREN SOUTH,"VIC, 3805",3805,4390 2344,NULL,12/06/2007 14:28,15/06/2007 12:43
75892, Bostovalopp, Bart,NULL,P ,Mr,M,1/10/1968,40 Springfeild Drive,CRANBOURNE,"VIC, 3977",3977,NULL,0414 199 299,25/06/2007 9:24,13/07/2007 9:07
82782, Soutek, Selena,NULL,M ,Ms,F,2/06/1977,4 Jesmay Place,LYNDHURST,"VIC, 3975",3975,4343 1143,0431 393 404,20/12/2007 13:56,29/05/2012 11:34
82849, Howard, Pete,NULL,B ,Mr,M,30/02/1982,37 Jane Street,BERWICK,"VIC, 3806",3806,0430 134 912,NULL,24/12/2007 11:50,19/03/2008 16:47
83402, Murray, Eerandi,Ermy,E E,Ms,F,18/11/1968,12 Lindenow Court,CRANBOURNE NORTH,"VIC, 3977",3977,1991 3434,NULL,9/01/2008 14:25,18/01/2008 11:27
85873, Hanuman, Saket,NULL,S ,Ms,F,5/11/1978,13 Harvey Court,HAMPTON PARK,"VIC, 3976",3976,9399 9404,NULL,12/03/2008 12:01,28/03/2008 8:35
90742, Snowning, Latinda,NULL,L ,Ms,F,16/09/1986,2/1 Hyssop Drive,HALLAM,"VIC, 3803",3803,0401 942 132,NULL,21/07/2008 12:20,20/08/2008 10:07
93056, Tinny, Louis (Ric),NULL,L ,Mr,M,9/02/1969,14 Mildura Crescent,ENDEAVOUR HILLS,"VIC, 3802",3802,9304 0331,NULL,26/09/2008 13:52,26/09/2008 13:52
95550, Snowlan,J ,NULL,J ,Mr,M,5/03/1986,34 Foxwood Drive,CRANBOURNE,"VIC, 3977",NULL,19944943,490921010,5/12/2008 14:47,9/12/2009 9:29
97058, Zakropoulos, Autum 'Jenny',NULL,A ,Ms,F,2/01/1967,27 Scott Street,CRANBOURNE,"VIC, 3977",3977, ,0444 024 121,14/01/2009 13:24,23/01/2012 13:55
97153, Snowling, Megan,NULL,M ,Ms,F,27/06/1979,15 Song Street,NARRE WARREN,"VIC, 3805",3805,n/a,0491 433 029,16/01/2009 11:41,21/08/2009 15:40
97637, D'Gold, Diamond,NULL,R ,Mr,M,24/09/1976,5 CHATHAM CLOSE,CRANBOURNE,"VIC, 3977",3977,NULL,0401 941` 923,29/01/2009 15:00,29/01/2009 15:00
106845, Zuben, Martin,NULL,M ,Mr,M,10/02/1978,14 Banyalla Drive,CRANBOURNE WEST,"VIC, 3977",NULL,NULL,NULL,9/10/2009 13:20,13/10/2010 11:26
112651, Suleman, Hajjam,NULL,H ,Mrs,F,3/12/1987,87 Soldiers Road,BERWICK,"VIC, 3806",3806,4394 3329,NULL,5/03/2010 12:02,16/09/2010 14:46
115618, Suleman, Rafique,NULL,S ,Mr,M,17/12/1977,87 Soldiers Road,BERWICK,"VIC, 3806",NULL,4394 3329,NULL,25/05/2010 10:07,16/09/2010 14:47
121079, D'Gold, Diamond,NULL,R ,Mr,M,24/09/1976,5 Chatham Close,CRANBOURNE EAST,"VIC, 3977",3977,1911 3142,0401 941 923 ,26/10/2010 13:39,14/11/2013 10:21
121841, Snowlan,J ,NULL,J ,Mr,M,5/03/1986,15 Brentwood Drive,CRANBOURNE,"VIC, 3977",3977,NULL,0449 913 041 (Husb),16/11/2010 13:04,9/07/2012 13:09
125227, Zakropoulos, Autum,NULL,A ,Ms,F,2/01/1967,27 Scott Street,CRANBOURNE,"VIC, 3977",3977,NULL,0444 024 121,18/02/2011 14:04,22/02/2011 9:50
128090, Suleman, Hamid,NULL,H ,Ms,F,3/12/1987,87 Soldiers Road,BERWICK,"VIC, 3806",3806,4394 3329,0430 029 131,9/05/2011 13:59,8/05/2012 16:56
136524, Snowning, Latinda,NULL,L ,Ms,F,16/09/1986,15 Amelia Close,BEACONSFIELD,"VIC, 3807",3807,NULL,0499 914 291,23/12/2011 11:41,23/02/2012 9:25
136677, Soutek, Selena,NULL,M ,Ms,F,2/06/1977,4 JESMAY PL ,LYNDHURST,"VIC, 3975",3975,4343 1143,0431 393 404,28/12/2011 16:04,5/01/2012 16:31
142073, Tinny, Kylie,NULL,K ,Ms,F,17/11/1969,14 MILDURA CRES,ENDEAVOUR HILLS,"VIC, 3802",3802,9304 0331,0412 993 131,15/05/2012 10:17,23/05/2012 11:10
142411, Tinny, Mick  Louis  Tinny,NULL,R,Mr,M,9/02/1969,NULL,NULL,NULL,NULL,NULL,NULL,23/05/2012 11:06,23/05/2012 11:11
147550, Suleman, Sophia,NULL,S ,Ms,F,9/05/1979,1 Caulfield Crt,NARRE WARREN,"VIC, 3805",3805,4311 1319,0419 192 142,4/10/2012 9:35,29/03/2016 10:55
151142, Snowning, Latinda,NULL,L ,Ms,F,16/09/1986,53 Matthew Flinders Ave,ENDEAVOUR HILLS,"VIC, 3802",3802,NULL,0499 914 291,4/01/2013 9:31,4/01/2013 9:34
159360, Howard, Pete,NULL,B ,Mr,M,30/02/1982 ,59 Sherwood Road,NARRE WARREN SOUTH,"VIC, 3805",3805,NULL,493931940,5/08/2013 15:13,25/06/2015 12:36
193985, Bostovalopp, Shonnally,NULL,J ,Ms,F,29/10/1990,16 Mernoo Avenue,HAMPTON PARK,"VIC, 3976",3976,NULL,0424 234 994,23/11/2015 13:44,23/11/2015 13:44
194024, Bostovalopp, Shonnally,NULL,J ,Ms,F,29/10/1990,Marlene Court,HAMPTON PARK,"VIC, 3976",3976,NULL,0424 234 994,24/11/2015 10:21,24/11/2015 10:21
194417, Bostovalopp, Johnander,NULL,A ,Mr,M,20/02/1975,S/A,NULL,NULL,NULL,NULL,NULL,2/12/2015 14:06,2/12/2015 14:06
