Business_ID,Date_Lodged,Business_Status,Business_Name,Owner_First_Name,Owner_Last_Name,Owner_Full_Name,Owner_Company,Owner_Email,PTC_Title,PTC_First_Name,PTC_Last_Name,PTC_Full_Name,PTC_Email,Rego_No,Ref_AR_No,Business_Prop_Name,Business_Unit_No,Business_Street_No,Business_Street_Name,Business_Suburb,Business_State,Business_Postcode,Business_Location_Description,Business_Prop_No,Business_Address1,Business_Full_Address,Postal_Property_Name,Postal_Unit_No,Postal_Street_No,Postal_Street_Name,Postal_Suburb,Postal_State,Postal_Postcode,Postal_First_Line_Address,Postal_Full_Address,Owner_ABN,Owner_Work_Phone,Owner_Fax,Owner_Mobile,Owner_Home_Phone,Owner_Preferred_Method_Type,Prop_Addr_Unit_No,Prop_Addr_Street_No,Prop_Addr_Street_Name,Prop_Addr_Suburb,Prop_Addr_State,Prop_Addr_Postcode,Owner_Address1,Owner_Full_Address,Owner_Postal_FullAddress,PTC_WorkPhone,PTC_Fax,PTC_Mobile,PTC_HomePhone,PTC_PreferredMethodType,PTC_ContAddrUnitNo,PTC_ContAddrStreetNo,PTC_ContAddrStreetName,PTC_ContAddrSuburb,PTC_ContAddrState,PTC_ContAddrPostcode,PTC_FirstLineAddress,PTC_FullAddress,PTC_PreferredFullAddress
345406,14-Aug-12,Closed, Sonia Dallas  Chocolate,,,THE  Chocolate SYNDICATE PTY LTD,THE  Chocolate SYNDICATE PTY LTD, Aakashrich@ Soniadallas.zoo.nowhere,, Aakash,RICH, Aakash RICH, Aakashrich@ Soniadallas.zoo.nowhere,4133,602143, Sonia Dallas  Chocolate P/L,,213,Princes Highway,HALLAM,NULL,3803,,72594," Sonia Dallas  Chocolate P/L, 213 Princes Highway"," Sonia Dallas  Chocolate P/L, 213 Princes Highway, HALLAM 3803", Sonia Dallas  Chocolate P/L,,213,Princes Highway,HALLAM,VIC,3803," Sonia Dallas  Chocolate P/L, 213 Princes Highway"," Sonia Dallas  Chocolate P/L, 213 Princes Highway, HALLAM VIC 3803",,9303-4900,,0493-333-393,,None,,,215 PRINCES HIGHWAY,HALLAM,VIC,3082,215 PRINCES HIGHWAY,"215 PRINCES HIGHWAY, HALLAM VIC 3082","215 PRINCES HIGHWAY, HALLAM VIC 3082",9303-4900,,0493-333-393,,Mobile,,,215 PRINCES HIGHWAY,HALLAM,VIC,3082,215 PRINCES HIGHWAY,"215 PRINCES HIGHWAY, HALLAM VIC 3082","215 PRINCES HIGHWAY, HALLAM VIC 3082"
345955,7-Aug-12,Closed,Lavish  Pattern,,, Complete STYLE, Complete STYLE,,Miss, Bronwyn, Erica HALL,Miss Miss  Bronwyn  Erica  Holligan,,4130,602140, Paripurna Style,,9,Cranbourne Place,CRANBOURNE,NULL,3977,,50959," Paripurna Style, 9 Cranbourne Place"," Paripurna Style, 9 Cranbourne Place, CRANBOURNE 3977",,,,5 KENT COURT,CRANBOURNE,VIC,3977,5 KENT COURT,"5 KENT COURT, CRANBOURNE VIC 3977",,1991-1432,,0412-439-114,,None,,,5 KENT COURT,CRANBOURNE,VIC,3977,5 KENT COURT,"5 KENT COURT, CRANBOURNE VIC 3977","5 KENT COURT, CRANBOURNE VIC 3977",1991-1432,,0412-439-114,,Mobile,,,5 KENT COURT,CRANBOURNE,VIC,3977,5 KENT COURT,"5 KENT COURT, CRANBOURNE VIC 3977","5 KENT COURT, CRANBOURNE VIC 3977"
346129,7-Aug-12,Closed, Acadamy FOR Fiji CONCERNS AUST INC, Norman, Ferguson, Norman  Ferguson,,,, Norman, Ferguson, Norman  Ferguson,,4129,602141,,,78,Power Road,DOVETON,NULL,3177,,3403,78 Power Road,"78 Power Road, DOVETON 3177",,,78,Power Road,DOVETON,VIC,3177,78 Power Road,"78 Power Road, DOVETON VIC 3177",,,,0411-222-194,1941-4331,None,,,CNR PODINIA ST & POWER ROAD,DOVETON,VIC,3177,CNR PODINIA ST & POWER ROAD,"CNR PODINIA ST & POWER ROAD, DOVETON VIC 3177","CNR PODINIA ST & POWER ROAD, DOVETON VIC 3177",,,0411-222-194,1941-4331,None,,,CNR PODINIA ST & POWER ROAD,DOVETON,VIC,3177,CNR PODINIA ST & POWER ROAD,"CNR PODINIA ST & POWER ROAD, DOVETON VIC 3177","CNR PODINIA ST & POWER ROAD, DOVETON VIC 3177"
346141,15-Aug-12,Closed, Selandra  Ekbote, Selandra, Ekbote, Selandra  Ekbote,,,, Selandra, Ekbote, Selandra  Ekbote,,4135,602145,,,16,Stuart Avenue,HAMPTON PARK,NULL,3976,,43720,16 Stuart Avenue,"16 Stuart Avenue, HAMPTON PARK 3976",,,,5 CAROPEPE AVENUE,PAKENHAM,VIC,3180,5 CAROPEPE AVENUE,"5 CAROPEPE AVENUE, PAKENHAM VIC 3180",,,,0493-992-911,,None,,,5 CAROPEPE AVENUE,PAKENHAM,VIC,3180,5 CAROPEPE AVENUE,"5 CAROPEPE AVENUE, PAKENHAM VIC 3180","5 CAROPEPE AVENUE, PAKENHAM VIC 3180",,,0493-992-911,,None,,,5 CAROPEPE AVENUE,PAKENHAM,VIC,3180,5 CAROPEPE AVENUE,"5 CAROPEPE AVENUE, PAKENHAM VIC 3180","5 CAROPEPE AVENUE, PAKENHAM VIC 3180"
346153,23-Aug-12,Closed, Kasturimruga Business, Rocky, ChiranjeevADASA, Rocky  ChiranjeevADASA,, Kasturimruga@zulu.zoo.nowhere,, Rocky, ChiranjeevADASA, Rocky  ChiranjeevADASA, Kasturimruga@zulu.zoo.nowhere,4139,602158,,,,ARTHUR WREN HALL,HAMPTON PARK,NULL,3976,,,ARTHUR WREN HALL,"ARTHUR WREN HALL, HAMPTON PARK 3976",,,Mar-46,CAMDALE CLOSE,HAMPTON PARK,VIC,3976,3 / 4-6 CAMDALE CLOSE,"3 / 4-6 CAMDALE CLOSE, HAMPTON PARK VIC 3976",,9309-9220,,0491-034-434,,None,,Mar-46,CAMDALE CLOSE,HAMPTON PARK,VIC,3976,3 / 4-6 CAMDALE CLOSE,"3 / 4-6 CAMDALE CLOSE, HAMPTON PARK VIC 3976","3 / 4-6 CAMDALE CLOSE, HAMPTON PARK VIC 3976",9309-9220,,0491-034-434,,None,,Mar-46,CAMDALE CLOSE,HAMPTON PARK,VIC,3976,3 / 4-6 CAMDALE CLOSE,"3 / 4-6 CAMDALE CLOSE, HAMPTON PARK VIC 3976","3 / 4-6 CAMDALE CLOSE, HAMPTON PARK VIC 3976"
347139,20-Aug-12,Closed,AUST  Lankan Public SERVICES, Chandimatra, Patterchoksi, Chandimatra  Patterchoksi,, Chandimatra. Patterchoksi@accs.asn.nowhere,, Chandimatra, Patterchoksi, Chandimatra  Patterchoksi, Chandimatra. Patterchoksi@accs.asn.nowhere,4138,602153,,,ENDEAVOUR HILLS SNR CITIZENS CLUB,115 JAMES COOK DRIVE,ENDEAVOUR HILLS,NULL,3802,,,ENDEAVOUR HILLS SNR CITIZENS CLUB 115 JAMES COOK DRIVE,"ENDEAVOUR HILLS SNR CITIZENS CLUB 115 JAMES COOK DRIVE, ENDEAVOUR HILLS 3802",,,,P O BOX 7006,DANDENONG,VIC,3175,P O BOX 7006,"P O BOX 7006, DANDENONG VIC 3175",,9391-2000,,0401-921-424,,None,,,,DANDENONG,VIC,3802,PO BOX 7006,"PO BOX 7006, DANDENONG VIC 3802","PO BOX 7006, DANDENONG VIC 3802",9391-2000,,0401-921-424,,Mobile,,,115 JAMES COOK DRIVE,ENDEAVOUR HILLS,VIC,3802,115 JAMES COOK DRIVE,"115 JAMES COOK DRIVE, ENDEAVOUR HILLS VIC 3802","115 JAMES COOK DRIVE, ENDEAVOUR HILLS VIC 3802"
347832,15-Aug-12,Closed, Master  Clown SCHOOL, Master  Clown,School, Master  Clown School,,jmassing@ Master.state.zendu.nowhere,, Jane, Foster, Jane  Foster,j Foster@ Master.state.zendu.nowhere,4136,602146,,,104-108,Reema Boulevard,ENDEAVOUR HILLS,NULL,3802,,62236,104-108 Reema Boulevard,"104-108 Reema Boulevard, ENDEAVOUR HILLS 3802",,,104-108,Reema Boulevard,ENDEAVOUR HILLS,VIC,3802,104-108 Reema Boulevard,"104-108 Reema Boulevard, ENDEAVOUR HILLS VIC 3802",19004334493,03-9309-3913,,,03-9309-3913,Work Phone,,106,Reema Boulevard,ENDEAVOUR HILLS,VIC,3802,106 Reema Boulevard,"106 Reema Boulevard, ENDEAVOUR HILLS VIC 3802","106 Reema Boulevard, ENDEAVOUR HILLS VIC 3802",9309-3900,,,,Work Phone,,,104-8 REEMA BOULEVARD,ENDEAVOUR HILLS,VIC,3802,104-8 REEMA BOULEVARD,"104-8 REEMA BOULEVARD, ENDEAVOUR HILLS VIC 3802","104-8 REEMA BOULEVARD, ENDEAVOUR HILLS VIC 3802"
348060,3-Sep-12,Closed, denmark SALES & SERVICE,,, NewMark  Professional PTY LTD, NewMark  Professional PTY LTD,,,DI Marie, Wallaroo,DI Marie  Wallaroo,,4146,602168,,18,87,Hallam South Road,HALLAM,NULL,3803,,97331,18/87 Hallam South Road,"18/87 Hallam South Road, HALLAM 3803",,18,87-91,Hallam South Road,HALLAM,VIC,3803,18/87-91 Hallam South Road,"18/87-91 Hallam South Road, HALLAM VIC 3803",,9392-4143,,0413-033-092,,None,,,18 / 87-91 HALLAM STH ROAD,HALLAM,VIC,3803,18 / 87-91 HALLAM STH ROAD,"18 / 87-91 HALLAM STH ROAD, HALLAM VIC 3803","18 / 87-91 HALLAM STH ROAD, HALLAM VIC 3803",9392-4143,,0413-033-092,,Mobile,,,18 / 87-91 HALLAM STH ROAD,HALLAM,VIC,3803,18 / 87-91 HALLAM STH ROAD,"18 / 87-91 HALLAM STH ROAD, HALLAM VIC 3803","18 / 87-91 HALLAM STH ROAD, HALLAM VIC 3803"
348654,24-Sep-12,Closed, SwanHill BNS INC,R, Wantirna,R  Wantirna,, SwanHillbns@open.zoo,,R, Wantirna,R  Wantirna, SwanHillbns@open.zoo,4173,602196,,,2920,SOUTH GIPPSLAND HIGHWAY,TOORADIN,NULL,3980,,,2920 SOUTH GIPPSLAND HIGHWAY,"2920 SOUTH GIPPSLAND HIGHWAY, TOORADIN 3980",,,,P O BOX 828,EMERALD,VIC,3782,P O BOX 828,"P O BOX 828, EMERALD VIC 3782",,,,0413-343-330,,None,,,P O BOX 828,EMERALD,VIC,3782,P O BOX 828,"P O BOX 828, EMERALD VIC 3782","P O BOX 828, EMERALD VIC 3782",,,0413-343-330,,None,,,P O BOX 828,EMERALD,VIC,3782,P O BOX 828,"P O BOX 828, EMERALD VIC 3782","P O BOX 828, EMERALD VIC 3782"
349159,11-Sep-12,Closed,THE  Palace  Drinks Shop, Tiara, Bakshi, Tiara  Bakshi,, Tiara Bakshi@snanil.zoo,Ms, Tiara, Bakshi,Ms Ms  Tiara  Bakshi, Tiara Bakshi@snanil.zoo,4208,602179,,,KIOSK 107A  /,352 PRINCES HIGHWAY,NARRE WARREN,NULL,3805,,,KIOSK 107A / 352 PRINCES HIGHWAY,"KIOSK 107A / 352 PRINCES HIGHWAY, NARRE WARREN 3805",,,217,Commercial Road,Prahran,VIC,3141,217 Commercial Road,"217 Commercial Road, Prahran VIC 3141",,,,0444-242-441,,None,,,217 COMMERCIAL ROAD,PRAHRAN,VIC,3141,217 COMMERCIAL ROAD,"217 COMMERCIAL ROAD, PRAHRAN VIC 3141","217 COMMERCIAL ROAD, PRAHRAN VIC 3141",,,0444-242-441,,Mobile,,,217 COMMERCIAL ROAD,PRAHRAN,VIC,3141,217 COMMERCIAL ROAD,"217 COMMERCIAL ROAD, PRAHRAN VIC 3141","217 COMMERCIAL ROAD, PRAHRAN VIC 3141"
349240,19-Sep-12,Closed, Jetty  boats, CarbU, Paprica, CarbU  Paprica,, Jetty- boats@open.zoo,Ms, CarbU, Paprica,Ms Ms  CarbU  Paprica, Jetty- boats@open.zoo,4171,602191,,,1,Leith Court,ENDEAVOUR HILLS,NULL,3802,,7831,1 Leith Court,"1 Leith Court, ENDEAVOUR HILLS 3802",,,1,Leith Court,ENDEAVOUR HILLS,VIC,3802,1 Leith Court,"1 Leith Court, ENDEAVOUR HILLS VIC 3802",,,,0431-904-114,,None,,1,LEITH COURT,ENDEAVOUR HILLS,VIC,3802,1 LEITH COURT,"1 LEITH COURT, ENDEAVOUR HILLS VIC 3802","1 LEITH COURT, ENDEAVOUR HILLS VIC 3802",,,0431-904-114,,Mobile,,1,LEITH COURT,ENDEAVOUR HILLS,VIC,3802,1 LEITH COURT,"1 LEITH COURT, ENDEAVOUR HILLS VIC 3802","1 LEITH COURT, ENDEAVOUR HILLS VIC 3802"
349252,3-Aug-12,Closed, MY Gold Sweets,,, MY Gold Sweets, MY Gold Sweets,,Mrs, Nelson, Weera Oscare,Mrs Mrs  Nelson  Weera Oscare,,4127,602138,,,4,Westwood Road,CRANBOURNE EAST,NULL,3977,,102081,4 Westwood Road,"4 Westwood Road, CRANBOURNE EAST 3977",,,4,Westwood Road,CRANBOURNE EAST,VIC,3977,4 Westwood Road,"4 Westwood Road, CRANBOURNE EAST VIC 3977",,,,0493-034-911,,None,,4,Westwood Road,CRANBOURNE EAST,VIC,3977,4 Westwood Road,"4 Westwood Road, CRANBOURNE EAST VIC 3977","4 Westwood Road, CRANBOURNE EAST VIC 3977",,,0493-034-911,,Mobile,,4,Westwood Road,CRANBOURNE EAST,VIC,3977,4 Westwood Road,"4 Westwood Road, CRANBOURNE EAST VIC 3977","4 Westwood Road, CRANBOURNE EAST VIC 3977"
350620,18-Sep-12,Closed, Sweet Road Fountain Gate,,, The Mall  WaitingBay PTY LTD, The Mall  WaitingBay PTY LTD,ben@theobroma.zoo.nowhere,Mr, Zen, Firozshah,Mr Mr  Zen  Firozshah, Zen@theobroma.zoo.nowhere,4159,602189,,SHOP 2123,352,PRINCES HIGHWAY,NARRE WARREN,NULL,3805,,,SHOP 2123/352 PRINCES HIGHWAY,"SHOP 2123/352 PRINCES HIGHWAY, NARRE WARREN 3805",,,38,BELLEVUE CRESCENT,PRESTON,VIC,3072,38 BELLEVUE CRESCENT,"38 BELLEVUE CRESCENT, PRESTON VIC 3072",,9440-1030,,0431-393-004,,None,,38,BELLEVUE CRESCENT,PRESTON,VIC,3072,38 BELLEVUE CRESCENT,"38 BELLEVUE CRESCENT, PRESTON VIC 3072","38 BELLEVUE CRESCENT, PRESTON VIC 3072",9440-1030,,0431-393-004,,Mobile,,38,BELLEVUE CRESCENT,PRESTON,VIC,3072,38 BELLEVUE CRESCENT,"38 BELLEVUE CRESCENT, PRESTON VIC 3072","38 BELLEVUE CRESCENT, PRESTON VIC 3072"
353126,15-Aug-11,Registered, Council  Mothavinchu, Council, Mothavinchu, Council  Mothavinchu,,matthew@ Mothavinchu.zoo.nowhere,Mr, Michael, Small,Mr  Michael  Small, Michaelsmall@ Mothavinchu.zoo.nowhere,3826,601667,,,160,Berwick-Cranbourne Road,CRANBOURNE EAST,VIC,3977,NULL,124203,160 Berwick-Cranbourne Road,"160 Berwick-Cranbourne Road, CRANBOURNE EAST VIC 3977",,,,10/65 Berwick-Cranbourne Rd,CRANBOURNE EAST,VIC,3977,10/65 Berwick-Cranbourne Rd,"10/65 Berwick-Cranbourne Rd, CRANBOURNE EAST VIC 3977",,1992-1111,,0403-943-404,,Work Phone,,,10/65 Berwick Cranbourne Road,CRANBOURNE EAST,VIC,3977,10/65 Berwick Cranbourne Road,"10/65 Berwick Cranbourne Road, CRANBOURNE EAST VIC 3977","10/65 Berwick Cranbourne Road, CRANBOURNE EAST VIC 3977",,,1992-1111,,Mobile,,,10/65 Berwick-Cranbourne Road,CRANBOURNE EAST,VIC,3977,10/65 Berwick-Cranbourne Road,"10/65 Berwick-Cranbourne Road, CRANBOURNE EAST VIC 3977","10/65 Berwick-Cranbourne Road, CRANBOURNE EAST VIC 3977"
353749,1-Aug-12,Registered, Kate Hairdo, Nellie, Peterson, Nellie  Peterson,,mirenda Peterson@zulu.zoo,, Nellie, Peterson, Nellie  Peterson,mirenda Peterson@zulu.zoo,4128,602136,,,26,Waterbury Street,CRANBOURNE,VIC,3977,NULL,99075,26 Waterbury Street,"26 Waterbury Street, CRANBOURNE VIC 3977",,,26,Waterbury Street,CRANBOURNE,VIC,3977,26 Waterbury Street,"26 Waterbury Street, CRANBOURNE VIC 3977",,03-1991-4391,,0404-449-400,03-9301-1349,Work Phone,,26,Waterbury Street,CRANBOURNE,VIC,3977,26 Waterbury Street,"26 Waterbury Street, CRANBOURNE VIC 3977","26 Waterbury Street, CRANBOURNE VIC 3977",03-1991-4391,,0404-449-400,03-9301-1349,Work Phone,,26,Waterbury Street,CRANBOURNE,VIC,3977,26 Waterbury Street,"26 Waterbury Street, CRANBOURNE VIC 3977","26 Waterbury Street, CRANBOURNE VIC 3977"
356405,18-Sep-12,Closed, Homemade Alchohol,MICAH, Rooster,MICAH  Rooster,, Rooster.micah@snanil.zoo,,MICAH, Rooster,MICAH  Rooster, Rooster.micah@snanil.zoo,4156,602187,,,31,Mermaid Grove,LYNDHURST,NULL,3975,,105496,31 Mermaid Grove,"31 Mermaid Grove, LYNDHURST 3975",,,31,Mermaid Grove,LYNDHURST,VIC,3975,31 Mermaid Grove,"31 Mermaid Grove, LYNDHURST VIC 3975",,,,0413-903-131,,None,,31,MERMAID GROVE,LYNDHURST,VIC,3975,31 MERMAID GROVE,"31 MERMAID GROVE, LYNDHURST VIC 3975","31 MERMAID GROVE, LYNDHURST VIC 3975",,,0413-903-131,,None,,31,MERMAID GROVE,LYNDHURST,VIC,3975,31 MERMAID GROVE,"31 MERMAID GROVE, LYNDHURST VIC 3975","31 MERMAID GROVE, LYNDHURST VIC 3975"
358374,23-Aug-12,Registered,Chocolette  Lolly Shop, Carmaine ( Singer Corn), Niiu, Carmaine ( Singer Corn)  Niiu,,chocolette.liu@snanil.zoo,, Carmaine ( Singer Corn), Niiu, Carmaine ( Singer Corn)  Niiu,chocolette.liu@snanil.zoo,4144,602157,,,24,Yorkshire Drive,CRANBOURNE NORTH,VIC,3977,NULL,93977,24 Yorkshire Drive,"24 Yorkshire Drive, CRANBOURNE NORTH VIC 3977",,,24,Yorkshire Drive,CRANBOURNE NORTH,VIC,3977,24 Yorkshire Drive,"24 Yorkshire Drive, CRANBOURNE NORTH VIC 3977",,,,0411-219-934,,Mobile,,24,Yorkshire Drive,CRANBOURNE NORTH,VIC,3977,24 Yorkshire Drive,"24 Yorkshire Drive, CRANBOURNE NORTH VIC 3977","24 Yorkshire Drive, CRANBOURNE NORTH VIC 3977",,,0411-219-934,,Mobile,,24,Yorkshire Drive,CRANBOURNE NORTH,VIC,3977,24 Yorkshire Drive,"24 Yorkshire Drive, CRANBOURNE NORTH VIC 3977","24 Yorkshire Drive, CRANBOURNE NORTH VIC 3977"
359816,30-Aug-12,Registered,First  start  Education,,,First  start  Education Pty Ltd,First  start  Education Pty Ltd,jordan@first start Education.zoo.nowhere,Mrs, Emily Katherine , Mac Hoof Jenkins,Mrs  Emily Katherine  Mac Hoof Jenkins,mel@first start Education.zoo.nowhere,4143,602166,,,23,Oban Close,ENDEAVOUR HILLS,VIC,3802,NULL,8672,23 Oban Close,"23 Oban Close, ENDEAVOUR HILLS VIC 3802",,,23,Oban Close,ENDEAVOUR HILLS,VIC,3802,23 Oban Close,"23 Oban Close, ENDEAVOUR HILLS VIC 3802",,4334-3402,,0414-029-491,,Work Phone,,23,Oban Close,ENDEAVOUR HILLS,VIC,3802,23 Oban Close,"23 Oban Close, ENDEAVOUR HILLS VIC 3802","23 Oban Close, ENDEAVOUR HILLS VIC 3802",4334-3402,,0414-029-491,,Mobile,,23,Oban Close,ENDEAVOUR HILLS,VIC,3802,23 Oban Close,"23 Oban Close, ENDEAVOUR HILLS VIC 3802","23 Oban Close, ENDEAVOUR HILLS VIC 3802"
359888,28-Jul-11,Registered, Thomas Cook Primary School, Maureen ,Hutchinson, Maureen  Hutchinson,,jamescook.ps@edumail.state.gov.nowhere,, Maureen ,Hutchinson, Maureen Hutchinson,jamescook.ps@edumail.state.gov.nowhere,152,600074,,,29,James Cook Drive,ENDEAVOUR HILLS,VIC,3802,NULL,7095,29 James Cook Drive,"29 James Cook Drive, ENDEAVOUR HILLS VIC 3802",,,29,James Cook Drive,ENDEAVOUR HILLS,VIC,3802,29 James Cook Drive,"29 James Cook Drive, ENDEAVOUR HILLS VIC 3802",33240323033,03-9300-9201,,0403-119-494,03-9300-9201,Work Phone,,29,James Cook Drive,ENDEAVOUR HILLS,VIC,3802,29 James Cook Drive,"29 James Cook Drive, ENDEAVOUR HILLS VIC 3802","29 James Cook Drive, ENDEAVOUR HILLS VIC 3802",03-9300-9201,,0403-119-494,03-9300-9201,Work Phone,,29,James Cook Drive,ENDEAVOUR HILLS,VIC,3802,29 James Cook Drive,"29 James Cook Drive, ENDEAVOUR HILLS VIC 3802","29 James Cook Drive, ENDEAVOUR HILLS VIC 3802"
361500,6-Sep-12,Registered, Divecha Fountain Gate,,,ANR  America Pty Ltd,ANR  America Pty Ltd,fountaingate. Divecha@snanil.zoo,Mrs, Arundhati, Khemani,Mrs Mrs  Arundhati  Khemani,fountaingate. Divecha@snanil.zoo,4176,602178,,1,1193,Westfield F/Gate,NARRE WARREN,VIC,3805,Fountain Gate Shopping Centre,120709,1/1193 Westfield F/Gate,"Fountain Gate Shopping Centre, 1/1193 Westfield F/Gate, NARRE WARREN VIC 3805",,,4,Baringa Court,ROWVILLE,VIC,3178,4 Baringa Court,"4 Baringa Court, ROWVILLE VIC 3178",,,,0404-441-302,,None,,4,Baringa Court,ROWVILLE,VIC,3178,4 Baringa Court,"4 Baringa Court, ROWVILLE VIC 3178","4 Baringa Court, ROWVILLE VIC 3178",,,0404-441-302,,Mobile,,4,Baringa Court,ROWVILLE,VIC,3178,4 Baringa Court,"4 Baringa Court, ROWVILLE VIC 3178","4 Baringa Court, ROWVILLE VIC 3178"
361558,18-May-12,Closed,Entice  Buttermilk,,, Maori Ninzza Pty Ltd, Maori Ninzza Pty Ltd,maorininzza@open.zoo,,Man Hoffmon, Nii,Man Hoffmon Li,maorininzza@open.zoo,4060,602040,,2,K257,Westfield F/Gate,NARRE WARREN,VIC,3805,Fountain Gate Shopping Centre,80494,2/K257 Westfield F/Gate,"Fountain Gate Shopping Centre, 2/K257 Westfield F/Gate, NARRE WARREN VIC 3805",,,68,La Perouse Boulevard,BONBEACH,VIC,3196,68 La Perouse Boulevard,"68 La Perouse Boulevard, BONBEACH VIC 3196",,,,0419-194-334,,Mobile,,68,La Perouse Boulevard,BONBEACH,VIC,3196,68 La Perouse Boulevard,"68 La Perouse Boulevard, BONBEACH VIC 3196","68 La Perouse Boulevard, BONBEACH VIC 3196",,,0419-194-334,,Mobile,,68,La Perouse Boulevard,BONBEACH,VIC,3196,68 La Perouse Boulevard,"68 La Perouse Boulevard, BONBEACH VIC 3196","68 La Perouse Boulevard, BONBEACH VIC 3196"
361657,4-Sep-12,Closed, Benare Cafe Fountain Gate,,, Benare Cafe International Pty Ltd, Benare Cafe International Pty Ltd, Farhan@ Benare.zoo,Mr, Farhan, Techatli,Mr Mr  Farhan  Techatli, Farhan@ Benare.zoo,4167,602169,,Kiosk,263,Westfield F/Gate,NARRE WARREN,VIC,3805,Fountain Gate Shopping Centre,120930,Kiosk/263 Westfield F/Gate,"Fountain Gate Shopping Centre, Kiosk/263 Westfield F/Gate, NARRE WARREN VIC 3805",,1,1,Hathor Way,Bibra Lakes,WA,6163,1/1 Hathor Way,"1/1 Hathor Way, Bibra Lakes WA 6163",,03-9303-0490,,0401-131-424,,Work Phone,3,26,Bowen Street,KARDINYA,WA,6163,3/26 Bowen Street,"3/26 Bowen Street, KARDINYA WA 6163","3/26 Bowen Street, KARDINYA WA 6163",9303-0490,,0401-131-424,,Mobile,,,3/26 BOWEN STREET,KARDINYA,WA,6163,3/26 BOWEN STREET,"3/26 BOWEN STREET, KARDINYA WA 6163","3/26 BOWEN STREET, KARDINYA WA 6163"
361669,19-Sep-12,Registered, Score  Jamaica's  Drinkss,,, Pomegranate Pty Ltd, Pomegranate Pty Ltd,admin@gjfountaingate.zoo.nowhere,Mr, Charles, Pomegranate,Mr  Charles  Pomegranate,admin@gjfountaingate.zoo.nowhere,4164,602193,,,1219,Westfield F/Gate,NARRE WARREN,VIC,3805,Fountain Gate Shopping Centre,120927,1219 Westfield F/Gate,"Fountain Gate Shopping Centre, 1219 Westfield F/Gate, NARRE WARREN VIC 3805",,,,P O BOX 2021,ROWVILLE,VIC,3178,P O BOX 2021,"P O BOX 2021, ROWVILLE VIC 3178",,,,0409-109-949,,Mobile,,,P O BOX 2021,ROWVILLE,VIC,3178,P O BOX 2021,"P O BOX 2021, ROWVILLE VIC 3178","P O BOX 2021, ROWVILLE VIC 3178",,,0409-109-949,,Mobile,,,P O BOX 2021,ROWVILLE,VIC,3178,P O BOX 2021,"P O BOX 2021, ROWVILLE VIC 3178","P O BOX 2021, ROWVILLE VIC 3178"
361765,24-Aug-12,Registered, Happy Life,,, Happy Life  Mob Pty Ltd, Happy Life  Mob Pty Ltd,g Down@ Happylife Mob.zoo.nowhere,Mr, Charlie, Holdfresh,Mr  Charlie Holdfresh,c Holdfresh@ Happylife Mob.zoo.nowhere,4211,602159,,1,2113,Westfield F/Gate,NARRE WARREN,VIC,3805,Fountain Gate Shopping Centre,119928,1/2113 Westfield F/Gate,"Fountain Gate Shopping Centre, 1/2113 Westfield F/Gate, NARRE WARREN VIC 3805",,,,,MILPERRA,NSW,2214,LOCKED BAG 1123,"LOCKED BAG 1123, MILPERRA NSW 2214",,09-9339-3100,1300-114-111,0413-332-934,,Work Phone,,316,Horsley Rd,MILPERRA,NSW,2214,316 Horsley Rd,"316 Horsley Rd, MILPERRA NSW 2214","316 Horsley Rd, MILPERRA NSW 2214",09-9339-3142,1300-114-111,0419-994-393,,Mobile,,,,MILPERRA,NSW,2214,LOCKED BAG 1123,"LOCKED BAG 1123, MILPERRA NSW 2214","316 Horsley Rd, Milperra NSW 2214"
362014,20-Aug-12,Registered, Kitkat Break, Meent ( Minister), Shane, Meent ( Minister)  Shane,,m. Shane1209@snanil.zoo,, Meent ( Minister), Shane, Meent ( Minister)  Shane,m. Shane1209@snanil.zoo,4157,602152,,,Kiosk 260,Westfield F/Gate,NARRE WARREN,VIC,3805,Fountain Gate Shopping Centre,120929,Kiosk 260 Westfield F/Gate,"Fountain Gate Shopping Centre, Kiosk 260 Westfield F/Gate, NARRE WARREN VIC 3805",,,42,Edrington Drive,BERWICK,VIC,3806,42 Edrington Drive,"42 Edrington Drive, BERWICK VIC 3806",,,,0401-939-114,,Mobile,,,42 Edrington Road,BERWICK,VIC,3806,42 Edrington Road,"42 Edrington Road, BERWICK VIC 3806","42 Edrington Road, BERWICK VIC 3806",,,0401-939-114,,Mobile,,,42 Edrington Road,BERWICK,VIC,3806,42 Edrington Road,"42 Edrington Road, BERWICK VIC 3806","42 Edrington Road, BERWICK VIC 3806"
362183,19-Sep-12,Registered, Coffee Inn,,, ASG  Catering Pty Ltd, ASG  Catering Pty Ltd, ASG. Catering@snanil.zoo,Mr, Nii, Ziman,Mr Li  Ziman,fountaingate@shingleinn.zoo,4161,602192,,,1027,Westfield F/Gate,NARRE WARREN,VIC,3805,Fountain Gate Shopping Centre,120985,1027 Westfield F/Gate,"Fountain Gate Shopping Centre, 1027 Westfield F/Gate, NARRE WARREN VIC 3805",,,42,Challenger Circuit,CRANBOURNE EAST,VIC,3977,42 Challenger Circuit,"42 Challenger Circuit, CRANBOURNE EAST VIC 3977",,,,0430-490-239,,Mobile,,42,Challenger Circuit,CRANBOURNE EAST,VIC,3977,42 Challenger Circuit,"42 Challenger Circuit, CRANBOURNE EAST VIC 3977","42 Challenger Circuit, CRANBOURNE EAST VIC 3977",,,0430-490-239,,Mobile,NULL,NULL,NULL,NULL,NULL,NULL,NULL,NULL,
362197,21-Aug-12,Closed,Shuji  Sultanas,,, 000  Trueman Pty Ltd, 000  Trueman Pty Ltd,,Ms,Wen, Xcel Ou,Ms Ms Wen  Xcel Ou, Catherineou@fishpond.zoo,4158,602156,,1,1128A,Westfield F/Gate,NARRE WARREN,VIC,3805,Fountain Gate Shopping Centre,111052,1/1128A Westfield F/Gate,"Fountain Gate Shopping Centre, 1/1128A Westfield F/Gate, NARRE WARREN VIC 3805",,1,58,Midlothian Street,MALVERN,VIC,3145,1/58 Midlothian Street,"1/58 Midlothian Street, MALVERN VIC 3145",,03-9124-1394,,0430-934-234,,Work Phone,1,58,Midlothian Street,MALVERN,VIC,3145,1/58 Midlothian Street,"1/58 Midlothian Street, MALVERN VIC 3145","1/58 Midlothian Street, MALVERN VIC 3145",03-9124-1394,,0430-934-234,,Mobile,NULL,NULL,NULL,NULL,NULL,NULL,NULL,NULL,
362257,5-Sep-12,Registered, Sultanasi Izakaya,,, Sultanasi Trust, Sultanasi Trust,accounts_payable@ Sultanas Sultanas.zoo.nowhere,, Aamaroon, Boatload, Aamaroon  Boatload, Aamaroon Boatload@ Sultanas Sultanas.zoo.nowhere,4160,602170,,,K254,Westfield F/Gate,NARRE WARREN,VIC,3805,Fountain Gate Shopping Centre,120721,K254 Westfield F/Gate,"Fountain Gate Shopping Centre, K254 Westfield F/Gate, NARRE WARREN VIC 3805",,,63-69, Micketts Road,MOUNT WAVERLEY,VIC,3149,63-69  Micketts Road,"63-69  Micketts Road, MOUNT WAVERLEY VIC 3149",,03-4131-3444,,,,Work Phone,,63-69,Ricketts Road,MOUNT WAVERLEY,VIC,3149,63-69 Ricketts Road,"63-69 Ricketts Road, MOUNT WAVERLEY VIC 3149","63-69 Ricketts Road, MOUNT WAVERLEY VIC 3149",,,0403-944-243,,None,NULL,NULL,NULL,NULL,NULL,NULL,NULL,NULL,
362292,17-Aug-12,Registered, Toss  Fantoms,,, Palledium Capital  Mob, Palledium Capital  Mob,alcox@ Pallediumcapital.zoo.nowhere,Mr, Martin, Arnott,Mr  Martin  Arnott,manderson@ Toss Fantoms.zoo.nowhere,4151,602151,,1,3102,Westfield F/Gate,NARRE WARREN,VIC,3805,Fountain Gate Shopping Centre,119929,1/3102 Westfield F/Gate,"Fountain Gate Shopping Centre, 1/3102 Westfield F/Gate, NARRE WARREN VIC 3805",,,,,ST KILDA RD CENTRAL,VIC,8008,PO BOX 6176,"PO BOX 6176, ST KILDA RD CENTRAL VIC 8008",34914133114,03-9112-0000,,0413-913-113,,Work Phone,Level 12,600,St Kilda Road,MELBOURNE,VIC,3004,Level 12/600 St Kilda Road,"Level 12/600 St Kilda Road, MELBOURNE VIC 3004","Level 12/600 St Kilda Road, MELBOURNE VIC 3004",03-9112-0000,03-9112-0001,0411-139-231,,Mobile,NULL,NULL,NULL,NULL,NULL,NULL,NULL,NULL,
362397,2-Aug-12,Registered,The  Universal Circle,,, Universal Circle Narre Warren Pty Ltd, Universal Circle Narre Warren Pty Ltd,Accounts@universalcircle.zoo.nowhere,Mr,James, Sindabad,Mr Mr James Sinclair,james@universalcircle.zoo.nowhere,4162,602137,,1,R1122,Westfield F/Gate,NARRE WARREN,VIC,3805,Fountain Gate Shopping Centre,85864,1/R1122 Westfield F/Gate,"Fountain Gate Shopping Centre, 1/R1122 Westfield F/Gate, NARRE WARREN VIC 3805",,207,120,Bay Street,PORT MELBOURNE,VIC,3207,207/120 Bay Street,"207/120 Bay Street, PORT MELBOURNE VIC 3207",,03-9241-4394,,0404-249-499,,Work Phone,207,120,Bay Street,PORT MELBOURNE,VIC,3207,207/120 Bay Street,"207/120 Bay Street, PORT MELBOURNE VIC 3207","207/120 Bay Street, PORT MELBOURNE VIC 3207",03-9301-3111,,0404-249-499,,Mobile,NULL,NULL,NULL,NULL,NULL,NULL,NULL,NULL,
362557,21-Sep-12,Registered, Westlake Super Icecream,,, Multicolour Delight Holdings Pty Ltd, Multicolour Delight Holdings Pty Ltd, Saturdayru63@open.zoo,Mr, Minister Wei, Saturday,Mr  Minister Wei  Saturday,,4172,602195,,2,K119,Westfield F/Gate,NARRE WARREN,VIC,3805,Fountain Gate Shopping Centre,80477,2/K119 Westfield F/Gate,"Fountain Gate Shopping Centre, 2/K119 Westfield F/Gate, NARRE WARREN VIC 3805",,2,K119,Westfield F/Gate,NARRE WARREN,VIC,3805,2/K119 Westfield F/Gate,"2/K119 Westfield F/Gate, NARRE WARREN VIC 3805",,03-9304-9313,,0401-242-341,,Work Phone,,,Westfield F/Gate,NARRE WARREN,VIC,3805,Westfield F/Gate,"Westfield F/Gate, NARRE WARREN VIC 3805","Westfield F/Gate, NARRE WARREN VIC 3805",03-9304-9313,,0401-242-341,,Mobile,NULL,NULL,NULL,NULL,NULL,NULL,NULL,NULL,
362846,5-Sep-12,Registered, Dashboard  Dolbys,,, Dashboard  Dolbys Pty Ltd, Dashboard  Dolbys Pty Ltd,dan Dolbys@snanil.zoo,Miss, Sonia, Boston,Miss  Sonia  Boston,dan Dolbys@snanil.zoo,4148,602175,,8,21,National Drive,HALLAM,VIC,3803,NULL,113782,8/21 National Drive,"8/21 National Drive, HALLAM VIC 3803",,,10,Northview Court,BEACONSFIELD,VIC,3807,10 Northview Court,"10 Northview Court, BEACONSFIELD VIC 3807",,9392-1949,,0433-413-199,,Work Phone,,10,Northview Court,BEACONSFIELD,VIC,3807,10 Northview Court,"10 Northview Court, BEACONSFIELD VIC 3807","10 Northview Court, BEACONSFIELD VIC 3807",9392-1949,,0433-413-199,,Mobile,,,10 NORTHVIEW COURT,BEACONSFIELD,VIC,3807,10 NORTHVIEW COURT,"10 NORTHVIEW COURT, BEACONSFIELD VIC 3807","10 NORTHVIEW COURT, BEACONSFIELD VIC 3807"
363046,31-Jan-10,Registered, Loritta's Filipino &  Antartic Groceries,,,John  Frankline &  Loritta  Trunk,,lorittasfilipinoand Antarticgroceries@snanil.zoo,, Loritta, Trunk, Loritta  Trunk,lorritatresoro60@snanil.zoo,1845,600674,,,56,Spring Square,HALLAM,VIC,3803,NULL,16007,56 Spring Square,"56 Spring Square, HALLAM VIC 3803",,,56,Spring Square,HALLAM,VIC,3803,56 Spring Square,"56 Spring Square, HALLAM VIC 3803",,03-9392-4949,,0439-411-434,03-9390-2233,Work Phone,,56,Spring Square,HALLAM,VIC,3803,56 Spring Square,"56 Spring Square, HALLAM VIC 3803","56 Spring Square, HALLAM VIC 3803",03-9392-4949,,0439-411-434,03-9390-2233,Mobile,,56,Spring Square,HALLAM,VIC,3803,56 Spring Square,"56 Spring Square, HALLAM VIC 3803","56 Spring Square, HALLAM VIC 3803"
363958,18-Sep-12,Registered, Afghan Mart Mega Market, Kaur, Hafiz, Kaur  Hafiz,, Kaur. Hafiz1234@snanil.zoo,, Kaur, Hafiz, Kaur  Hafiz, Kaur. Hafiz1234@snanil.zoo,4168,602185,,54,166,Somerville Road,HAMPTON PARK,VIC,3976,Hampton Park Shopping Centre,43291,54/166 Somerville Road,"Hampton Park Shopping Centre, 54/166 Somerville Road, HAMPTON PARK VIC 3976",,54,166,Somerville Road,HAMPTON PARK,VIC,3976,54/166 Somerville Road,"54/166 Somerville Road, HAMPTON PARK VIC 3976",,,,0413-420-314,,Mobile,54,166,Somerville Road,HAMPTON PARK,VIC,3976,54/166 Somerville Road,"54/166 Somerville Road, HAMPTON PARK VIC 3976","54/166 Somerville Road, HAMPTON PARK VIC 3976",,,0413-420-314,,Mobile,54,166,Somerville Road,HAMPTON PARK,VIC,3976,54/166 Somerville Road,"54/166 Somerville Road, HAMPTON PARK VIC 3976","54/166 Somerville Road, HAMPTON PARK VIC 3976"
366314,24-Aug-12,Registered, Cranbourne Meat & Grocery, Muftasa, Nassir, Muftasa  Nassir,,yaqube.nazar@snanil.zoo,, Muftasa, Nassir, Muftasa  Nassir,yaqube.nazar@snanil.zoo,4142,602163,,12,3,Webb Street,NARRE WARREN,VIC,3805,NULL,16931,12/3 Webb Street,"12/3 Webb Street, NARRE WARREN VIC 3805",,,10,Plymtree Court,NARRE WARREN SOUTH,VIC,3805,10 Plymtree Court,"10 Plymtree Court, NARRE WARREN SOUTH VIC 3805",,9392-2311,,49441221,,None,,10,Plymtree Court,NARRE WARREN SOUTH,VIC,3805,10 Plymtree Court,"10 Plymtree Court, NARRE WARREN SOUTH VIC 3805","10 Plymtree Court, NARRE WARREN SOUTH VIC 3805",9392-2311,,49441221,,None,,10,Plymtree Court,NARRE WARREN SOUTH,VIC,3805,10 Plymtree Court,"10 Plymtree Court, NARRE WARREN SOUTH VIC 3805","10 Plymtree Court, NARRE WARREN SOUTH VIC 3805"
367253,6-Jan-11,Registered, Mooroccan  Cafe, M.R.T PTY,LTD, MRT Pty Ltd, MRT Pty Ltd,,, Asthana,LTD, Asthana LTD,,1981,600711,,,1,Rebound Court,NARRE WARREN,VIC,3805,NULL,15399,1 Rebound Court,"1 Rebound Court, NARRE WARREN VIC 3805",,,1,Rebound Court,NARRE WARREN,VIC,3805,1 Rebound Court,"1 Rebound Court, NARRE WARREN VIC 3805",31990401194,0404-193-943,,0404-193-943,03-9392-2199,Mobile,,1,Rebound Court,NARRE WARREN,VIC,3805,1 Rebound Court,"1 Rebound Court, NARRE WARREN VIC 3805","1 Rebound Court, NARRE WARREN VIC 3805",0404-193-943,,,9392-2199,Work Phone,NULL,NULL,NULL,NULL,NULL,NULL,NULL,NULL,
367604,22-Feb-11,Registered,The  Program  File Shop,,, Marrissa Hills Pty Ltd, Marrissa Hills Pty Ltd,marls68@star.zoo,, Marrissa,Hills, Marrissa Hills,marls68@star.zoo,1708,600624,,3,12,Deblin Drive,NARRE WARREN,VIC,3805,NULL,97141,3/12 Deblin Drive,"3/12 Deblin Drive, NARRE WARREN VIC 3805",,3,12,Deblin Drive,NARRE WARREN,VIC,3805,3/12 Deblin Drive,"3/12 Deblin Drive, NARRE WARREN VIC 3805",,03-9304-2940,,0491-304-491,,Work Phone,3,12,Deblin Drive,NARRE WARREN,VIC,3805,3/12 Deblin Drive,"3/12 Deblin Drive, NARRE WARREN VIC 3805","3/12 Deblin Drive, NARRE WARREN VIC 3805",03-9304-2940,,0491-304-491,,Mobile,3,12,Deblin Drive,NARRE WARREN,VIC,3805,3/12 Deblin Drive,"3/12 Deblin Drive, NARRE WARREN VIC 3805","3/12 Deblin Drive, NARRE WARREN VIC 3805"
367842,5-Sep-12,Registered, Fengu  Shui Temple, Fengu  Shui Temple,( America) Inc, Fengu  Shui Temple ( America) Inc,,info@ Fengu Shuitemple.zoo.nowhere,, Jeremy, Chai, Jeremy  Chai,info@ Fengu Shuitemple.zoo.nowhere,4147,602171,,,6,Reservoir Road,NARRE WARREN NORTH,VIC,3804,,15491,6 Reservoir Road,"6 Reservoir Road, NARRE WARREN NORTH VIC 3804",,,6,Reservoir Road,NARRE WARREN NORTH,VIC,3804,6 Reservoir Road,"6 Reservoir Road, NARRE WARREN NORTH VIC 3804",,03-9392-4039,03-9392-9929,,,Work Phone,,6,Reservoir Road,NARRE WARREN NROTH,VIC,3804,6 Reservoir Road,"6 Reservoir Road, NARRE WARREN NROTH VIC 3804","6 Reservoir Road, NARRE WARREN NROTH VIC 3804",03-9392-4039,,,,Work Phone,NULL,NULL,NULL,NULL,NULL,NULL,NULL,NULL,
368216,15-Jul-14,Registered, Elise's  Keshdressing, Elise, Cottage, Elise  Cottage,,littlemichi22@open.zoo,Mrs, Elise, Cottage,Mrs Mrs  Elise  Cottage,littlemichi22@open.zoo,4546,602818,,,10,Eastbury Court,NARRE WARREN SOUTH,NULL,3805,,27944,10 Eastbury Court,"10 Eastbury Court, NARRE WARREN SOUTH 3805",,,10,Eastbury Court,NARRE WARREN SOUTH,VIC,3805,10 Eastbury Court,"10 Eastbury Court, NARRE WARREN SOUTH VIC 3805",,,,0413-049-141,03-4390-1421,Home Phone,,10,Eastbury Court,NARRE WARREN SOUTH,VIC,3805,10 Eastbury Court,"10 Eastbury Court, NARRE WARREN SOUTH VIC 3805","10 Eastbury Court, NARRE WARREN SOUTH VIC 3805",,,0413-049-141,03-4390-1421,Mobile,,10,Eastbury Court,NARRE WARREN SOUTH,VIC,3805,10 Eastbury Court,"10 Eastbury Court, NARRE WARREN SOUTH VIC 3805","10 Eastbury Court, NARRE WARREN SOUTH VIC 3805"
368498,3-Feb-12,Registered,Waverley  Clown College,,,Art & Soul Catering,Art & Soul Catering,lupeme Zeecom Harkamya@snanil.zoo,Mrs, Gundagardi, Harkamya,Mrs  Gundagardi  Harkamya,lupeme Zeecom Harkamya@snanil.zoo,3890,601812,,,20,College Drive,NARRE WARREN SOUTH,VIC,3805,NULL,100054,20 College Drive,"20 College Drive, NARRE WARREN SOUTH VIC 3805",,,14,Sirens Place,HALLAM,VIC,3803,14 Sirens Place,"14 Sirens Place, HALLAM VIC 3803",,0491-493-430,,0491-493-430,,None,,21,Brangus Avenue,NARRE WARREN SOUTH,VIC,3805,21 Brangus Avenue,"21 Brangus Avenue, NARRE WARREN SOUTH VIC 3805","21 Brangus Avenue, NARRE WARREN SOUTH VIC 3805",0491-491-430,,0491-493-430,,None,,21,Brangus Avenue,NARRE WARREN SOUTH,VIC,3805,21 Brangus Avenue,"21 Brangus Avenue, NARRE WARREN SOUTH VIC 3805","21 Brangus Avenue, NARRE WARREN SOUTH VIC 3805"
695077,30-Apr-15,Registered,The Local  SandBar Co,,, ABCD  Cheerybrook pty Ltd, ABCD  Cheerybrook pty Ltd, Graceful@thelocal SandBarco.zoo.nowhere,, Graceful, Kitchner, Graceful  Kitchner, Graceful@thelocal SandBarco.zoo.nowhere,4754,604209,,124,125,South Gippsland Highway,CRANBOURNE,VIC,3977,Cranbourne Park Shopping Centre,132733,124/125 South Gippsland Highway,"Cranbourne Park Shopping Centre, 124/125 South Gippsland Highway, CRANBOURNE VIC 3977",,,,PO BOX 7079,CROY RonSOUTH,VIC,3136,PO BOX 7079,"PO BOX 7079, CROY RonSOUTH VIC 3136",,0414-344-211,,0414-344-211,,None,,,,CROYDON SOUTH,VIC,3136,PO BOX 7079,"PO BOX 7079, CROYDON SOUTH VIC 3136","PO BOX 7079, CROYDON SOUTH VIC 3136",0414-344-211,,0414-344-211,,Mobile,NULL,NULL,NULL,NULL,NULL,NULL,NULL,NULL,
695446,1-May-15,Registered, Camera Cranbourne,,, Zeecom Byn Pty Ltd, Zeecom Byn Pty Ltd,jijun_bang@zulu.zoo.nowhere,Mr, Jason, Bang,Mr  Jason Bang,jijun_bang@zulu.zoo.nowhere,4753,604210,,128,125,South Gippsland Highway,CRANBOURNE,VIC,3977,Cranbourne Park Shopping Centre,132767,128/125 South Gippsland Highway,"Cranbourne Park Shopping Centre, 128/125 South Gippsland Highway, CRANBOURNE VIC 3977",,2,52,Fisher Street,MALVERN EAST,VIC,3145,2/52 Fisher Street,"2/52 Fisher Street, MALVERN EAST VIC 3145",,03-9101-2943,,0409-923-903,,Mobile,2,52,Fisher Street,MALVERN EAST,VIC,3145,2/52 Fisher Street,"2/52 Fisher Street, MALVERN EAST VIC 3145","2/52 Fisher Street, MALVERN EAST VIC 3145",,,0493-041-443,,Mobile,NULL,NULL,NULL,NULL,NULL,NULL,NULL,NULL,
695462,1-May-15,Registered, Kesh by  Cashmine, Cashmine Rebecca, Zi Parko, Cashmine Rebecca  Zi Parko,, Cashmine_midilli90@open.zoo,, Cashmine Rebecca, Zi Parko, Cashmine Rebecca  Zi Parko, Cashmine_midilli90@open.zoo,4547,604211,,,24,Artfield Street,CRANBOURNE EAST,VIC,3977,NULL,116607,24 Artfield Street,"24 Artfield Street, CRANBOURNE EAST VIC 3977",,,24,Artfield Street,CRANBOURNE EAST,VIC,3977,24 Artfield Street,"24 Artfield Street, CRANBOURNE EAST VIC 3977",,,,0401-434-332,,Mobile,,24,Artfield Street,CRANBOURNE EAST,VIC,3977,24 Artfield Street,"24 Artfield Street, CRANBOURNE EAST VIC 3977","24 Artfield Street, CRANBOURNE EAST VIC 3977",,,0401-434-332,,Mobile,,24,Artfield Street,CRANBOURNE EAST,VIC,3977,24 Artfield Street,"24 Artfield Street, CRANBOURNE EAST VIC 3977","24 Artfield Street, CRANBOURNE EAST VIC 3977"
695887,6-May-15,Registered, Fresh Bread Company,,, Fortune  Stemar Globe Wide Pty Ltd, Fortune  Stemar Globe Wide Pty Ltd,danhnphung@zulu.zoo.nowhere,, Sammy, Xhung, Sammy  Xhung,danhnphung@zulu.zoo.nowhere,4560,604213,,Shop 3,2s,Selandra Boulevard,CLYDE NORTH,VIC,3978,Selandra Rise Shopping Centre,,Shop 3/2s Selandra Boulevard,"Selandra Rise Shopping Centre, Shop 3/2s Selandra Boulevard, CLYDE NORTH VIC 3978",,,8,Kent Street,KEW,VIC,3101,8 Kent Street,"8 Kent Street, KEW VIC 3101",,,,0491-431-434,,Mobile,,8,Kent Street,KEW,VIC,3101,8 Kent Street,"8 Kent Street, KEW VIC 3101","8 Kent Street, KEW VIC 3101",,,0491-431-434,,Mobile,NULL,NULL,NULL,NULL,NULL,NULL,NULL,NULL,
696383,11-May-15,Registered, Bruno's Traditional Great Pizza, Donnael , Minisotta,Mr  Donnael  Minisotta,,eat@brunos.zoo.nowhere,Mr, Bart, Courier,Mr  Bart  Courier,,4548,604218,,,58,Spring Square,HALLAM,VIC,3803,,16008,58 Spring Square,"58 Spring Square, HALLAM VIC 3803",,,2,Anderson Court,ENDEAVOUR HILLS,VIC,3802,2 Anderson Court,"2 Anderson Court, ENDEAVOUR HILLS VIC 3802",,03-9303-9933,,0490-342-222,,Mobile,,2,Anderson Court,ENDEAVOUR HILLS,VIC,3802,2 Anderson Court,"2 Anderson Court, ENDEAVOUR HILLS VIC 3802","2 Anderson Court, ENDEAVOUR HILLS VIC 3802",,,0499-343-394,,Mobile,NULL,NULL,NULL,NULL,NULL,NULL,NULL,NULL,
697082,14-May-15,Registered, Happy Life, Ameliana, Monster, Ameliana  Monster,, Ameliana Monster@snanil.zoo,, Ameliana, Monster, Ameliana  Monster, Ameliana Monster@snanil.zoo,4829,604219,,,83-85,Caserta Drive,BERWICK,VIC,3806,,18382,83-85 Caserta Drive,"83-85 Caserta Drive, BERWICK VIC 3806",,,,,BEACONSFIELD,VIC,3807,PO BOX 23,"PO BOX 23, BEACONSFIELD VIC 3807",,0434-032-134,,0434-032-134,0434-039-134,None,,,,BEACONSFIELD,VIC,3807,PO BOX 23,"PO BOX 23, BEACONSFIELD VIC 3807","PO BOX 23, BEACONSFIELD VIC 3807",0434-032-134,,0434-032-134,0434-039-134,None,,,,BEACONSFIELD,VIC,3807,PO BOX 23,"PO BOX 23, BEACONSFIELD VIC 3807","PO BOX 23, BEACONSFIELD VIC 3807"
697295,15-May-15,Registered,Ducky  Swing Hallam, Jane, Nuyg, Jane Ly,, Jane_ly08@open.zoo,, Jane, Nuyg, Jane Ly, Jane_ly08@open.zoo,4385,604221,,20,94,Abbott Road,HALLAM,VIC,3803,NULL,100155,20/94 Abbott Road,"20/94 Abbott Road, HALLAM VIC 3803",,,25,Darren Road,SPRINGVALE SOUTH,VIC,3172,25 Darren Road,"25 Darren Road, SPRINGVALE SOUTH VIC 3172",,,,0401-912-444,,Mobile,,25,Darren Road,SPRINGVALE SOUTH,VIC,3172,25 Darren Road,"25 Darren Road, SPRINGVALE SOUTH VIC 3172","25 Darren Road, SPRINGVALE SOUTH VIC 3172",,,0401-912-444,,Mobile,,25,Darren Road,SPRINGVALE SOUTH,VIC,3172,25 Darren Road,"25 Darren Road, SPRINGVALE SOUTH VIC 3172","25 Darren Road, SPRINGVALE SOUTH VIC 3172"
697584,21-May-15,Prelodgement, Extreme Jump ,,, starbound Pty Ltd, starbound Pty Ltd,info@ starbound.zoo.nowhere,Mr,Timothy, Oscar,Mr Timothy  Oscar,info@ starbound.zoo.nowhere,,604222,,3,2,Northey Road,LYNBROOK,VIC,3975,NULL,118331,3/2 Northey Road,"3/2 Northey Road, LYNBROOK VIC 3975",,3,2,Northey Road,LYNBROOK,VIC,3975,3/2 Northey Road,"3/2 Northey Road, LYNBROOK VIC 3975",,03-4334-0491,,0433-132-499,,None,NULL,NULL,NULL,NULL,NULL,NULL,NULL,NULL,,03-4334-0491,,0433-132-499,,None,3,2,Northey Road,LYNBROOK,VIC,3975,3/2 Northey Road,"3/2 Northey Road, LYNBROOK VIC 3975","3/2 Northey Road, LYNBROOK VIC 3975"
698038,22-May-15,Registered, The Petrol Station Lynbrook,,, Pitashree  Grandma Debji Pty Ltd, Pitashree  Grandma Debji Pty Ltd,,Mr,Sarbjeet, Kaur  Bunty,Mr Sarbjeet  Kaur  Bunty,,4565,604223,,,760,South Gippsland Highway,LYNBROOK,VIC,3975,,45808,760 South Gippsland Highway,"760 South Gippsland Highway, LYNBROOK VIC 3975",,,760,South Gippsland Highway,LYNBROOK,VIC,3975,760 South Gippsland Highway,"760 South Gippsland Highway, LYNBROOK VIC 3975",,0409-039-142,,0409-039-142,,Mobile,,760,South Gippsland Highway,LYNBROOK,VIC,3975,760 South Gippsland Highway,"760 South Gippsland Highway, LYNBROOK VIC 3975","760 South Gippsland Highway, LYNBROOK VIC 3975",1991-4301,1991-4341,0409-039-142,,Mobile,NULL,NULL,NULL,NULL,NULL,NULL,NULL,NULL,
698408,28-May-15,Registered,Queen  Stemar Nails, Hoffmon Ngoc, Yes, Hoffmon Ngoc Yes,,,, Kanak , Hotplate, Kanak  Hotplate,kanak@archibuild.zoo.nowhere,4561,604225,,T09,2s,Selandra Boulevard,CLYDE NORTH,VIC,3978,Selandra Rise Shopping Centre,,T09/2s Selandra Boulevard,"Selandra Rise Shopping Centre, T09/2s Selandra Boulevard, CLYDE NORTH VIC 3978",,,16,Alliance Street,NOBLE PARK,VIC,3174,16 Alliance Street,"16 Alliance Street, NOBLE PARK VIC 3174",,0401-203-323,,0401-203-323,,None,NULL,NULL,NULL,NULL,NULL,NULL,NULL,NULL,,0493-432-390,,0493-432-390,,None,NULL,NULL,NULL,NULL,NULL,NULL,NULL,NULL,
698492,29-May-15,Registered, Pattern Room, Parinita, Luftansa-Goundar, Parinita  Luftansa-Goundar,, Parinita. Luftansa@open.zoo,, Parinita, Luftansa-Goundar, Parinita  Luftansa-Goundar, Parinita. Luftansa@open.zoo,4553,604227,,,16,Maplewood Court,CRANBOURNE NORTH,VIC,3977,,110360,16 Maplewood Court,"16 Maplewood Court, CRANBOURNE NORTH VIC 3977",,,16,Maplewood Court,CRANBOURNE NORTH,VIC,3977,16 Maplewood Court,"16 Maplewood Court, CRANBOURNE NORTH VIC 3977",,0409-191-913,,0409-191-913,,Mobile,,16,Maplewood Court,CRANBOURNE NORTH,VIC,3977,16 Maplewood Court,"16 Maplewood Court, CRANBOURNE NORTH VIC 3977","16 Maplewood Court, CRANBOURNE NORTH VIC 3977",0409-191-913,,0409-191-913,,Mobile,,16,Maplewood Court,CRANBOURNE NORTH,VIC,3977,16 Maplewood Court,"16 Maplewood Court, CRANBOURNE NORTH VIC 3977","16 Maplewood Court, CRANBOURNE NORTH VIC 3977"
698528,29-May-15,Registered,Fit  CookingPlace Meals, Jonathan,  Stemark, Jonathan Stephens,,fit CookingPlacemeals1@snanil.zoo,, Jonathan, Stemark, Jonathan Stephens,fit CookingPlacemeals1@snanil.zoo,4384,604228,,,,Cross Road,DEVON MEADOWS,VIC,3977,Glover Recreation Reserve,,Cross Road,"Glover Recreation Reserve, Cross Road, DEVON MEADOWS VIC 3977",,,19,Rennison Drive,BOTANIC RIDGE,VIC,3977,19 Rennison Drive,"19 Rennison Drive, BOTANIC RIDGE VIC 3977",,,,0419-109-034,,Mobile,,19,Rennison Drive,BOTANIC RIDGE,VIC,3977,19 Rennison Drive,"19 Rennison Drive, BOTANIC RIDGE VIC 3977","19 Rennison Drive, BOTANIC RIDGE VIC 3977",,,0419-109-034,,Mobile,,19,Rennison Drive,BOTANIC RIDGE,VIC,3977,19 Rennison Drive,"19 Rennison Drive, BOTANIC RIDGE VIC 3977","19 Rennison Drive, BOTANIC RIDGE VIC 3977"
698957,4-Jun-15,Registered,Pizza  000,,, Phirangi  America Pty Ltd, Phirangi  America Pty Ltd,,, Avinash, Singh, Avinash  Singh,d_ Avinash@zulu.zoo,4558,604229,,2,1,Universal Way,CRANBOURNE WEST,VIC,3977,NULL,136483,2/1 Universal Way,"2/1 Universal Way, CRANBOURNE WEST VIC 3977",,,25,Yammerbook Way,CRANBOURNE EAST,VIC,3977,25 Yammerbook Way,"25 Yammerbook Way, CRANBOURNE EAST VIC 3977",,03-9330-9444,,0433-911-299,,Work Phone,,25,Yammerbook Way,CRANBOURNE EAST,VIC,3977,25 Yammerbook Way,"25 Yammerbook Way, CRANBOURNE EAST VIC 3977","25 Yammerbook Way, CRANBOURNE EAST VIC 3977",03-9330-9444,,0433-911-299,0433-911-299,Mobile,NULL,NULL,NULL,NULL,NULL,NULL,NULL,NULL,
698980,4-Jun-15,Closed, Metro's Delights, Metro, Munnabhai, Metro  Munnabhai,,talentk@open.ocm,, Metro, Munnabhai, Metro  Munnabhai,talentk@open.ocm,4556,604230,,,16,Earlsfield Drive,BERWICK,VIC,3806,NULL,90558,16 Earlsfield Drive,"16 Earlsfield Drive, BERWICK VIC 3806",,,16,Earlsfield Drive,BERWICK,VIC,3806,16 Earlsfield Drive,"16 Earlsfield Drive, BERWICK VIC 3806",,0494-030-394,,0494-030-394,,Mobile,,16,Earlsfield Drive,BERWICK,VIC,3806,16 Earlsfield Drive,"16 Earlsfield Drive, BERWICK VIC 3806","16 Earlsfield Drive, BERWICK VIC 3806",0494-030-394,,0494-030-394,,Mobile,,16,Earlsfield Drive,BERWICK,VIC,3806,16 Earlsfield Drive,"16 Earlsfield Drive, BERWICK VIC 3806","16 Earlsfield Drive, BERWICK VIC 3806"
699152,5-Jun-15,Registered,Dedicated to  Pattern, Donnaelle, Kandalakar, Donnaelle  Kandalakar,,dedicated@open.zoo.nowhere,, Donnaelle, Kandalakar, Donnaelle  Kandalakar,dedicated@open.zoo.nowhere,4386,604234,,,41,Holbourne Drive,JUNCTION VILLAGE,VIC,3977,NULL,47012,41 Holbourne Drive,"41 Holbourne Drive, JUNCTION VILLAGE VIC 3977",,,41,Holbourne Drive,JUNCTION VILLAGE,VIC,3977,41 Holbourne Drive,"41 Holbourne Drive, JUNCTION VILLAGE VIC 3977",21431401911,03-1991-9143,,0409-413-432,,Work Phone,,41,Holbourne Drive,JUNCTION VILLAGE,VIC,3977,41 Holbourne Drive,"41 Holbourne Drive, JUNCTION VILLAGE VIC 3977","41 Holbourne Drive, JUNCTION VILLAGE VIC 3977",03-1991-9143,,0409-413-432,,Work Phone,,41,Holbourne Drive,JUNCTION VILLAGE,VIC,3977,41 Holbourne Drive,"41 Holbourne Drive, JUNCTION VILLAGE VIC 3977","41 Holbourne Drive, JUNCTION VILLAGE VIC 3977"
699512,11-Jun-15,Registered, Tandul  Karyashala Fountain Gate,,, Arrarat Stemar Pty Ltd, Arrarat Stemar Pty Ltd,fountaingate@ Tandul Karyashala.zoo.nowhere,, Theoh, Shane, Theoh Shane,fountaingate@ Tandul Karyashala.zoo.nowhere,4414,604236,,1,FC14,Westfield F/Gate,NARRE WARREN,VIC,3805,Fountain Gate Shopping Centre,80464,1/FC14 Westfield F/Gate,"Fountain Gate Shopping Centre, 1/FC14 Westfield F/Gate, NARRE WARREN VIC 3805",,,7,Vista Street,BULLEEN,VIC,3105,7 Vista Street,"7 Vista Street, BULLEEN VIC 3105",,0430-140-291,,0430-140-291,,Mobile,,7,Vista Street,BULLEEN,VIC,3105,7 Vista Street,"7 Vista Street, BULLEEN VIC 3105","7 Vista Street, BULLEEN VIC 3105",0430-140-291,,0430-140-291,,Mobile,,7,Vista Street,Bulleen,VIC,3105,7 Vista Street,"7 Vista Street, Bulleen VIC 3105","7 Vista Street, Bulleen VIC 3105"
701365,29-Jun-15,Registered, Kiandra Rise Charcoal Chicken,,, GlaxcoPty Ltd, GlaxcoPty Ltd,Leigh.odonnell@opennet.zoo.nowhere,Mr, Neigh,O'Donnell,Mr  Neigh O'Donnell,leighodonnell1@fishpond.zoo,4784,604250,,Shop 2,2,Selandra Blvd,CLYDE NORTH,VIC,3978,Selandra Rise Shopping Centre,,Shop 2/2 Selandra Blvd,"Selandra Rise Shopping Centre, Shop 2/2 Selandra Blvd, CLYDE NORTH VIC 3978",,,7,Wombat Court,NARRE WARREN SOUTH,VIC,3805,7 Wombat Court,"7 Wombat Court, NARRE WARREN SOUTH VIC 3805",,,,0402-103-939,,Mobile,,7,Wombat Court,NARRE WARREN SOUTH,VIC,3805,7 Wombat Court,"7 Wombat Court, NARRE WARREN SOUTH VIC 3805","7 Wombat Court, NARRE WARREN SOUTH VIC 3805",,,0402-103-939,,Mobile,,7,Wombat Court,NARRE WARREN SOUTH,VIC,3805,7 Wombat Court,"7 Wombat Court, NARRE WARREN SOUTH VIC 3805","7 Wombat Court, NARRE WARREN SOUTH VIC 3805"
721309,18-Sep-15,Registered,Mrs  Sprakati  Gentingasan, Sprakati, Gentingasan, Sprakati  Gentingasan,,seww_2007@zulu.zoo,, Sprakati, Gentingasan, Sprakati  Gentingasan,seww_2007@zulu.zoo,4799,604172,,3,44197,Sladen Street,CRANBOURNE,VIC,3977,,56845,3/1-21 Sladen Street,"3/1-21 Sladen Street, CRANBOURNE VIC 3977",,,7,Adam Avenue,HALLAM,VIC,3803,7 Adam Avenue,"7 Adam Avenue, HALLAM VIC 3803",,0492-034-404,,0492-103-404,,None,,7,Adam Avenue,HALLAM,VIC,3803,7 Adam Avenue,"7 Adam Avenue, HALLAM VIC 3803","7 Adam Avenue, HALLAM VIC 3803",0492-034-404,,0492-103-404,,None,,7,Adam Avenue,HALLAM,VIC,3803,7 Adam Avenue,"7 Adam Avenue, HALLAM VIC 3803","7 Adam Avenue, HALLAM VIC 3803"
805958,5-Jul-16,Registered, Pearl Inspired  Kesh &  Pattern, Salonee  Elise, Stemark, Salonee  Elise  Stemark,,rubyinspired Kesh@snanil.zoo,, Salonee  Elise, Stemark, Salonee  Elise  Stemark,rubyinspired Kesh@snanil.zoo,4992,604686,,,2,Telford Court,HAMPTON PARK,VIC,3976,NULL,43868,2 Telford Court,"2 Telford Court, HAMPTON PARK VIC 3976",,,2,Telford Court,HAMPTON PARK,VIC,3976,2 Telford Court,"2 Telford Court, HAMPTON PARK VIC 3976",13441312031,03-4343-1290,,0400-139-091,,Mobile,,2,Telford Court,HAMPTON PARK,VIC,3976,2 Telford Court,"2 Telford Court, HAMPTON PARK VIC 3976","2 Telford Court, HAMPTON PARK VIC 3976",03-4343-1290,,0400-139-091,,Mobile,,2,Telford Court,HAMPTON PARK,VIC,3976,2 Telford Court,"2 Telford Court, HAMPTON PARK VIC 3976","2 Telford Court, HAMPTON PARK VIC 3976"
