ID,Post_Code,Name,State_ID,LOCALITY_TYPE_ID,LOCALITY_TYPE_NAME
1,2170,Moorebank,1,1,SUBURB
2,2211,Padstow,1,1,SUBURB
3,3976,HAMPTON PARK,2,1,SUBURB
4,3977,CRANBOURNE,2,1,SUBURB
5,3977,CRANBOURNE NORTH,2,1,SUBURB
6,3805,NARRE WARREN,2,1,SUBURB
7,3975,LYNDHURST,2,1,SUBURB
8,3177,DOVETON,2,1,SUBURB
9,3802,ENDEAVOUR  HILLS,2,1,SUBURB
10,3803,HALLAM,2,1,SUBURB
11,3804,NARRE WARREN NORTH,2,1,SUBURB
12,3805,NARRE  WARREN,2,1,SUBURB
13,3806,BERWICK,2,1,SUBURB
14,3807,BEACONSFIELD,2,1,SUBURB
15,3809,OFFICER,2,1,SUBURB
16,3975,LYNBROOK,2,1,SUBURB
21,3977,BOTANIC RIDGE,2,1,SUBURB
22,3977,CRANBOURNE EAST,2,1,SUBURB
23,3977,CRANBOURNE WEST,2,1,SUBURB
24,3977,DEVON MEADOWS,2,1,SUBURB
25,3977,JUNCTION VILLAGE,2,1,SUBURB
26,3978,CLYDE NORTH,2,1,SUBURB
27,3980,BLIND BIGHT,2,1,SUBURB
28,3980,TOORADIN,2,1,SUBURB
