SYSTEM_LOOKUP_GROUP_ID,SYSTEM_LOOKUP_CODE,SYSTEM_LOOKUP_DESC,ACTIVE_FLAG
2,"SOLT",Sole trader,1
2,"PART",Partnership,1
2,"COMP",Company,1
2,"COOP",Cooperative,1
2,"GOV",Government Bodies,1
2,"ASSO","Clubs, societies and associations",1
1,"1",Defence,1
1,"2",Technology,1
1,"3",Confectionary,1
1,"4",On-Hire and Recruitment,1
1,"5",Printing and Packaging,1
1,"6",Health Care & Pharmaceutical,1
1,"7",Food & Beverage,1
1,"8",Construction,1
1,"9",Utilities,1
1,"10",Transport & Logistics,1
